Experiment Name,Position,SampleName,ASO Microsynth ID,Target SNP ID,CrossingPoint,CrossingPoint.1,dCt,dCt Avg,Avg,SD,ddCt,Avg_ddCt,Exp
Rd2.1.3_P1+2_WT_20210730,G1,Naïve_P2.1-1,Naïve_P2.1-1,,30.3130306,23.08416534,7.228865261,7.152927728,7.12436601,0.050625142,0.104499251,0.028561718,0.980397209
Rd2.1.3_P1+2_WT_20210730,G2,Naïve_P2.1-1,Naïve_P2.1-1,,30.29266871,23.12268832,7.169980389,,,,0.045614379,,
Rd2.1.3_P1+2_WT_20210730,G3,Naïve_P2.1-1,Naïve_P2.1-1,,30.20020102,23.14026349,7.059937533,,,,-0.064428476,,
Rd2.1.3_P1+2_WT_20210730,G4,Naïve_P2.1-1,Naïve_P2.1-1,,30.12567496,22.99011786,7.135557105,7.088232048,,,0.011191095,-0.036133961,1.025362443
Rd2.1.3_P1+2_WT_20210730,G5,Naïve_P2.1-1,Naïve_P2.1-1,,30.02924275,23.01994574,7.00929701,,,,-0.115069,,
Rd2.1.3_P1+2_WT_20210730,G6,Naïve_P2.1-1,Naïve_P2.1-1,,30.19091829,23.07107626,7.119842031,,,,-0.004523979,,
Rd2.1.3_P1+2_WT_20210730,H1,Naïve_P2.1-1,Naïve_P2.1-1,,30.17164335,23.09780627,7.073837082,7.075527942,,,-0.050528928,-0.048838068,1.034431468
Rd2.1.3_P1+2_WT_20210730,H2,Naïve_P2.1-1,Naïve_P2.1-1,,30.28711692,23.18212257,7.104994349,,,,-0.01937166,,
Rd2.1.3_P1+2_WT_20210730,H3,Naïve_P2.1-1,Naïve_P2.1-1,,30.28933536,23.24158297,7.047752395,,,,-0.076613615,,
Rd2.1.3_P1+2_WT_20210730,H4,Naïve_P2.1-1,Naïve_P2.1-1,,30.55568422,23.12959975,7.426084468,7.180776321,,,0.301718458,0.056410311,0.961653915
Rd2.1.3_P1+2_WT_20210730,H5,Naïve_P2.1-1,Naïve_P2.1-1,,30.25209687,23.10641116,7.145685708,,,,0.021319698,,
Rd2.1.3_P1+2_WT_20210730,H6,Naïve_P2.1-1,Naïve_P2.1-1,,30.12576312,23.15520434,6.970558787,,,,-0.153807222,,
Rd2.1.3_P1+2_WT_20210730,E10,TY779PD_10_P2.1-1,TY779PD_10uM_P2.1-1,,30.67708242,23.35703342,7.320048998,,,,0.195682988,0.163742255,0.892706444
Rd2.1.3_P1+2_WT_20210730,E11,TY779PD_10_P2.1-1,TY779PD_10uM_P2.1-1,,30.77889963,23.43774762,7.341152009,,,,0.216786,,
Rd2.1.3_P1+2_WT_20210730,E12,TY779PD_10_P2.1-1,TY779PD_10uM_P2.1-1,,30.75154515,23.54842137,7.203123788,,,,0.078757778,,
Rd2.1.3_P1+2_WT_20210730,E22,TY779PD_10_P2.1-1,TY779PD_10uM_P2.1-1,,31.49214822,23.67277513,7.819373093,,,,0.695007083,0.615569453,0.652672223
Rd2.1.3_P1+2_WT_20210730,E23,TY779PD_10_P2.1-1,TY779PD_10uM_P2.1-1,,31.34471033,23.72302823,7.621682102,,,,0.497316092,,
Rd2.1.3_P1+2_WT_20210730,E24,TY779PD_10_P2.1-1,TY779PD_10uM_P2.1-1,,31.54907541,23.77032422,7.778751194,,,,0.654385184,,
Rd2.1.3_P1+2_WT_20210730,G7,Ionis1375651_10_P2.1-1,Ionis1375651_10uM_P2.1-1,,33.95274326,23.96757775,9.985165518,,,,2.860799509,2.41198549,0.187897074
Rd2.1.3_P1+2_WT_20210730,G8,Ionis1375651_10_P2.1-1,Ionis1375651_10uM_P2.1-1,,33.19751095,23.96909278,9.228418174,,,,2.104052164,,
Rd2.1.3_P1+2_WT_20210730,G9,Ionis1375651_10_P2.1-1,Ionis1375651_10uM_P2.1-1,,33.43455862,24.03908781,9.395470808,,,,2.271104798,,
Rd2.1.3_P1+2_WT_20210730,H7,Ionis1375651_10_P2.1-1,Ionis1375651_10uM_P2.1-1,,34.09190454,24.19347157,9.898432973,,,,2.774066963,2.935715514,0.130695782
Rd2.1.3_P1+2_WT_20210730,H8,Ionis1375651_10_P2.1-1,Ionis1375651_10uM_P2.1-1,,34.46972099,24.23526445,10.23445654,,,,3.110090535,,
Rd2.1.3_P1+2_WT_20210730,H9,Ionis1375651_10_P2.1-1,Ionis1375651_10uM_P2.1-1,,34.30122326,24.25386821,10.04735505,,,,2.922989043,,
Rd2.1.3_P1+2_WT_20210730,G10,Ionis1375651_3_P2.1-1,Ionis1375651_3uM_P2.1-1,,31.374769,22.98828646,8.386482538,,,,1.262116528,1.362148092,0.389002655
Rd2.1.3_P1+2_WT_20210730,G11,Ionis1375651_3_P2.1-1,Ionis1375651_3uM_P2.1-1,,31.54184108,23.05443893,8.487402152,,,,1.363036142,,
Rd2.1.3_P1+2_WT_20210730,G12,Ionis1375651_3_P2.1-1,Ionis1375651_3uM_P2.1-1,,31.66860445,23.08294684,8.585657615,,,,1.461291605,,
Rd2.1.3_P1+2_WT_20210730,H10,Ionis1375651_3_P2.1-1,Ionis1375651_3uM_P2.1-1,,32.77318229,23.90583633,8.867345962,,,,1.742979952,1.91761125,0.264692413
Rd2.1.3_P1+2_WT_20210730,H11,Ionis1375651_3_P2.1-1,Ionis1375651_3uM_P2.1-1,,32.90264239,23.95064623,8.951996167,,,,1.827630157,,
Rd2.1.3_P1+2_WT_20210730,H12,Ionis1375651_3_P2.1-1,Ionis1375651_3uM_P2.1-1,,33.34408326,24.0374936,9.306589651,,,,2.182223641,,
Rd2.1.3_P1+2_WT_20210730,G13,Ionis676630_10_P2.1-1,Ionis676630_10uM_P2.1-1,,30.15922014,22.74269027,7.416529865,,,,0.292163855,0.344082079,0.787809064
Rd2.1.3_P1+2_WT_20210730,G14,Ionis676630_10_P2.1-1,Ionis676630_10uM_P2.1-1,,30.31943315,22.82385723,7.495575924,,,,0.371209915,,
Rd2.1.3_P1+2_WT_20210730,G15,Ionis676630_10_P2.1-1,Ionis676630_10uM_P2.1-1,,30.36287222,22.86963375,7.493238478,,,,0.368872468,,
Rd2.1.3_P1+2_WT_20210730,H13,Ionis676630_10_P2.1-1,Ionis676630_10uM_P2.1-1,,31.46977113,23.52840889,7.94136224,,,,0.816996231,0.82223746,0.565564135
Rd2.1.3_P1+2_WT_20210730,H14,Ionis676630_10_P2.1-1,Ionis676630_10uM_P2.1-1,,31.5076305,23.65624212,7.851388378,,,,0.727022368,,
Rd2.1.3_P1+2_WT_20210730,H15,Ionis676630_10_P2.1-1,Ionis676630_10uM_P2.1-1,,31.75674647,23.70968668,8.047059792,,,,0.922693782,,
Rd2.1.3_P1+2_WT_20210730,G16,Ionis676630_3_P2.1-1,Ionis676630_3uM_P2.1-1,,30.36155824,22.91340397,7.44815427,,,,0.32378826,0.367957752,0.774878622
Rd2.1.3_P1+2_WT_20210730,G17,Ionis676630_3_P2.1-1,Ionis676630_3uM_P2.1-1,,30.56928611,22.97314088,7.596145234,,,,0.471779224,,
Rd2.1.3_P1+2_WT_20210730,G18,Ionis676630_3_P2.1-1,Ionis676630_3uM_P2.1-1,,30.49630198,23.0636302,7.432671782,,,,0.308305772,,
Rd2.1.3_P1+2_WT_20210730,H16,Ionis676630_3_P2.1-1,Ionis676630_3uM_P2.1-1,,30.2256538,22.89106989,7.334583902,,,,0.210217892,0.349147762,0.785047709
Rd2.1.3_P1+2_WT_20210730,H17,Ionis676630_3_P2.1-1,Ionis676630_3uM_P2.1-1,,30.52824595,22.94596568,7.582280275,,,,0.457914265,,
Rd2.1.3_P1+2_WT_20210730,H18,Ionis676630_3_P2.1-1,Ionis676630_3uM_P2.1-1,,30.53288394,23.02920681,7.503677139,,,,0.379311129,,
Rd2.1.3_P1+2_WT_20210730,F10,Ionis77_10_P2.1-1,Ionis77_10uM_P2.1-1,,30.6525194,23.15704717,7.495472238,,,,0.371106228,0.39092166,0.762642238
Rd2.1.3_P1+2_WT_20210730,F11,Ionis77_10_P2.1-1,Ionis77_10uM_P2.1-1,,30.74678719,23.21168409,7.535103101,,,,0.410737091,,
Rd2.1.3_P1+2_WT_20210730,F12,Ionis77_10_P2.1-1,Ionis77_10uM_P2.1-1,,30.78516964,23.25136149,7.53380815,,,,,,
Rd2.1.3_P1+2_WT_20210730,F22,Ionis77_10_P2.1-1,Ionis77_10uM_P2.1-1,,31.38292886,23.76880004,7.614128817,,,,0.489762807,0.357897057,0.780301156
Rd2.1.3_P1+2_WT_20210730,F23,Ionis77_10_P2.1-1,Ionis77_10uM_P2.1-1,,31.23526821,23.80404046,7.431227746,,,,0.306861737,,
Rd2.1.3_P1+2_WT_20210730,F24,Ionis77_10_P2.1-1,Ionis77_10uM_P2.1-1,,31.27722582,23.87579319,7.401432638,,,,0.277066628,,
Rd2.1.3_P1+2_WT_20210730,D4,KQ106_10_P2.1-1,KQ106_L20_5-10-5_10uM_P2.1-1,H228R_cDNA,31.85046401,23.18308695,8.667377064,,,,1.543011054,1.554518745,0.340442075
Rd2.1.3_P1+2_WT_20210730,D5,KQ106_10_P2.1-1,KQ106_L20_5-10-5_10uM_P2.1-1,H228R_cDNA,31.90482398,23.23414229,8.670681695,,,,1.546315685,,
Rd2.1.3_P1+2_WT_20210730,D6,KQ106_10_P2.1-1,KQ106_L20_5-10-5_10uM_P2.1-1,H228R_cDNA,31.95390722,23.25531171,8.698595506,,,,1.574229496,,
Rd2.1.3_P1+2_WT_20210730,D16,KQ106_10_P2.1-1,KQ106_L20_5-10-5_10uM_P2.1-1,H228R_cDNA,32.19152662,23.93545184,8.25607478,,,,1.13170877,1.380056273,0.384203809
Rd2.1.3_P1+2_WT_20210730,D17,KQ106_10_P2.1-1,KQ106_L20_5-10-5_10uM_P2.1-1,H228R_cDNA,32.68314332,23.95619963,8.726943691,,,,1.602577681,,
Rd2.1.3_P1+2_WT_20210730,D18,KQ106_10_P2.1-1,KQ106_L20_5-10-5_10uM_P2.1-1,H228R_cDNA,32.56067962,24.03043124,8.530248378,,,,1.405882368,,
Rd2.1.3_P1+2_WT_20210730,C4,KQ242_10_P2.1-1,KQ242_L20_5-10-5_10uM_P2.1-1,rs199890410,30.18767215,22.78549774,7.402174407,,,,0.277808397,0.316341324,0.80310397
Rd2.1.3_P1+2_WT_20210730,C5,KQ242_10_P2.1-1,KQ242_L20_5-10-5_10uM_P2.1-1,rs199890410,30.27184281,22.81021677,7.461626043,,,,0.337260033,,
Rd2.1.3_P1+2_WT_20210730,C6,KQ242_10_P2.1-1,KQ242_L20_5-10-5_10uM_P2.1-1,rs199890410,30.32831582,22.86999427,7.45832155,,,,0.33395554,,
Rd2.1.3_P1+2_WT_20210730,C16,KQ242_10_P2.1-1,KQ242_L20_5-10-5_10uM_P2.1-1,rs199890410,30.53628287,22.8766052,7.659677672,,,,0.535311663,0.470689376,0.721619697
Rd2.1.3_P1+2_WT_20210730,C17,KQ242_10_P2.1-1,KQ242_L20_5-10-5_10uM_P2.1-1,rs199890410,30.47855487,22.91026813,7.568286738,,,,0.443920728,,
Rd2.1.3_P1+2_WT_20210730,C18,KQ242_10_P2.1-1,KQ242_L20_5-10-5_10uM_P2.1-1,rs199890410,30.50368054,22.9464788,7.557201748,,,,0.432835738,,
Rd2.1.3_P1+2_WT_20210730,A10,KQ243_10_P2.1-1,KQ243_L20_5-10-5_10uM_P2.1-1,rs199890410,30.77451986,23.5093481,7.265171756,,,,0.140805746,0.231536889,0.851727072
Rd2.1.3_P1+2_WT_20210730,A11,KQ243_10_P2.1-1,KQ243_L20_5-10-5_10uM_P2.1-1,rs199890410,30.91289388,23.58078903,7.332104853,,,,0.207738843,,
Rd2.1.3_P1+2_WT_20210730,A12,KQ243_10_P2.1-1,KQ243_L20_5-10-5_10uM_P2.1-1,rs199890410,31.0352844,23.56485232,7.470432086,,,,0.346066076,,
Rd2.1.3_P1+2_WT_20210730,A22,KQ243_10_P2.1-1,KQ243_L20_5-10-5_10uM_P2.1-1,rs199890410,32.31347637,24.20456062,8.108915759,,,,0.984549749,0.700043533,0.615553632
Rd2.1.3_P1+2_WT_20210730,A23,KQ243_10_P2.1-1,KQ243_L20_5-10-5_10uM_P2.1-1,rs199890410,31.878763,24.2531975,7.625565502,,,,0.501199492,,
Rd2.1.3_P1+2_WT_20210730,A24,KQ243_10_P2.1-1,KQ243_L20_5-10-5_10uM_P2.1-1,rs199890410,32.05328033,24.31453297,7.738747367,,,,0.614381358,,
Rd2.1.3_P1+2_WT_20210730,F7,KQ244_10_P2.1-1,KQ244_L20_5-10-5_10uM_P2.1-1,rs199890410,30.35061491,23.13592297,7.214691934,,,,0.090325925,0.168517756,0.889756359
Rd2.1.3_P1+2_WT_20210730,F8,KQ244_10_P2.1-1,KQ244_L20_5-10-5_10uM_P2.1-1,rs199890410,30.46641106,23.05293024,7.413480824,,,,0.289114814,,
Rd2.1.3_P1+2_WT_20210730,F9,KQ244_10_P2.1-1,KQ244_L20_5-10-5_10uM_P2.1-1,rs199890410,30.36540106,23.11492252,7.250478539,,,,0.126112529,,
Rd2.1.3_P1+2_WT_20210730,F19,KQ244_10_P2.1-1,KQ244_L20_5-10-5_10uM_P2.1-1,rs199890410,31.15113261,23.55677816,7.594354454,,,,0.469988444,0.415060874,0.749987849
Rd2.1.3_P1+2_WT_20210730,F20,KQ244_10_P2.1-1,KQ244_L20_5-10-5_10uM_P2.1-1,rs199890410,30.93481094,23.59073582,7.344075124,,,,0.219709114,,
Rd2.1.3_P1+2_WT_20210730,F21,KQ244_10_P2.1-1,KQ244_L20_5-10-5_10uM_P2.1-1,rs199890410,31.36392611,23.68407504,7.679851073,,,,0.555485063,,
Rd2.1.3_P1+2_WT_20210730,B7,KQ245_10_P2.1-1,KQ245_L20_5-10-5_10uM_P2.1-1,rs139851880,30.33315067,23.04436803,7.288782646,,,,0.164416636,0.279679802,0.823773829
Rd2.1.3_P1+2_WT_20210730,B8,KQ245_10_P2.1-1,KQ245_L20_5-10-5_10uM_P2.1-1,rs139851880,30.485185,23.03472777,7.450457227,,,,0.326091217,,
Rd2.1.3_P1+2_WT_20210730,B9,KQ245_10_P2.1-1,KQ245_L20_5-10-5_10uM_P2.1-1,rs139851880,30.55106112,23.07816356,7.472897561,,,,0.348531552,,
Rd2.1.3_P1+2_WT_20210730,B19,KQ245_10_P2.1-1,KQ245_L20_5-10-5_10uM_P2.1-1,rs139851880,31.71031365,23.83320235,7.877111294,,,,0.752745284,0.690750225,0.6195316
Rd2.1.3_P1+2_WT_20210730,B20,KQ245_10_P2.1-1,KQ245_L20_5-10-5_10uM_P2.1-1,rs139851880,31.78336159,23.82943543,7.953926159,,,,0.829560149,,
Rd2.1.3_P1+2_WT_20210730,B21,KQ245_10_P2.1-1,KQ245_L20_5-10-5_10uM_P2.1-1,rs139851880,31.54153778,23.92722653,7.614311252,,,,0.489945242,,
Rd2.1.3_P1+2_WT_20210730,E4,KQ257_10_P2.1-1,KQ257_L20_5-10-5_10uM_P2.1-1,rs72404019,31.66660892,23.49000015,8.176608771,,,,1.052242761,1.15524847,0.448988852
Rd2.1.3_P1+2_WT_20210730,E5,KQ257_10_P2.1-1,KQ257_L20_5-10-5_10uM_P2.1-1,rs72404019,31.77856756,23.54164142,8.236926136,,,,1.112560126,,
Rd2.1.3_P1+2_WT_20210730,E6,KQ257_10_P2.1-1,KQ257_L20_5-10-5_10uM_P2.1-1,rs72404019,31.97267284,23.5473643,8.425308534,,,,1.300942524,,
Rd2.1.3_P1+2_WT_20210730,E16,KQ257_10_P2.1-1,KQ257_L20_5-10-5_10uM_P2.1-1,rs72404019,32.18336252,24.06568153,8.117680995,,,,0.993314985,0.836323204,0.560069122
Rd2.1.3_P1+2_WT_20210730,E17,KQ257_10_P2.1-1,KQ257_L20_5-10-5_10uM_P2.1-1,rs72404019,32.10894702,24.10941591,7.999531109,,,,0.875165099,,
Rd2.1.3_P1+2_WT_20210730,E18,KQ257_10_P2.1-1,KQ257_L20_5-10-5_10uM_P2.1-1,rs72404019,31.95085901,24.18600348,7.764855537,,,,0.640489527,,
Rd2.1.3_P1+2_WT_20210730,E1,KQ258_10_P2.1-1,KQ258_L20_5-10-5_10uM_P2.1-1,rs72404019,31.70115403,23.33709367,8.364060359,,,,1.239694349,1.21277286,0.431438593
Rd2.1.3_P1+2_WT_20210730,E2,KQ258_10_P2.1-1,KQ258_L20_5-10-5_10uM_P2.1-1,rs72404019,31.57649959,23.36424348,8.212256102,,,,1.087890093,,
Rd2.1.3_P1+2_WT_20210730,E3,KQ258_10_P2.1-1,KQ258_L20_5-10-5_10uM_P2.1-1,rs72404019,31.85441801,23.41931787,8.435100148,,,,1.310734138,,
Rd2.1.3_P1+2_WT_20210730,E13,KQ258_10_P2.1-1,KQ258_L20_5-10-5_10uM_P2.1-1,rs72404019,32.23384713,23.94161153,8.292235606,,,,1.167869596,1.283077964,0.410917887
Rd2.1.3_P1+2_WT_20210730,E14,KQ258_10_P2.1-1,KQ258_L20_5-10-5_10uM_P2.1-1,rs72404019,32.38396744,23.95932295,8.424644483,,,,1.300278473,,
Rd2.1.3_P1+2_WT_20210730,E15,KQ258_10_P2.1-1,KQ258_L20_5-10-5_10uM_P2.1-1,rs72404019,32.53375349,24.02830166,8.505451832,,,,1.381085822,,
Rd2.1.3_P1+2_WT_20210730,C1,KQ280_10_P2.1-1,KQ280_L20_5-10-5_10uM_P2.1-1,rs8113956,30.70815432,23.22631957,7.481834752,,,,0.357468743,0.485508933,0.714245064
Rd2.1.3_P1+2_WT_20210730,C2,KQ280_10_P2.1-1,KQ280_L20_5-10-5_10uM_P2.1-1,rs8113956,30.86209191,23.24151885,7.62057306,,,,0.49620705,,
Rd2.1.3_P1+2_WT_20210730,C3,KQ280_10_P2.1-1,KQ280_L20_5-10-5_10uM_P2.1-1,rs8113956,30.9999714,23.27275438,7.727217017,,,,0.602851008,,
Rd2.1.3_P1+2_WT_20210730,C13,KQ280_10_P2.1-1,KQ280_L20_5-10-5_10uM_P2.1-1,rs8113956,31.55222881,23.5730472,7.979181613,,,,0.854815603,0.847888046,0.555597477
Rd2.1.3_P1+2_WT_20210730,C14,KQ280_10_P2.1-1,KQ280_L20_5-10-5_10uM_P2.1-1,rs8113956,31.51158746,23.67395776,7.8376297,,,,0.71326369,,
Rd2.1.3_P1+2_WT_20210730,C15,KQ280_10_P2.1-1,KQ280_L20_5-10-5_10uM_P2.1-1,rs8113956,31.75403912,23.65408827,8.099950855,,,,0.975584845,,
Rd2.1.3_P1+2_WT_20210730,B10,KQ304_10_P2.1-1,KQ304_L20_5-10-5_10uM_P2.1-1,rs199890410,30.87634051,23.11451545,7.761825058,,,,0.637459048,0.577668352,0.670045814
Rd2.1.3_P1+2_WT_20210730,B11,KQ304_10_P2.1-1,KQ304_L20_5-10-5_10uM_P2.1-1,rs199890410,30.77797653,23.11987988,7.658096654,,,,0.533730644,,
Rd2.1.3_P1+2_WT_20210730,B12,KQ304_10_P2.1-1,KQ304_L20_5-10-5_10uM_P2.1-1,rs199890410,30.90215826,23.21597688,7.686181375,,,,0.561815365,,
Rd2.1.3_P1+2_WT_20210730,B22,KQ304_10_P2.1-1,KQ304_L20_5-10-5_10uM_P2.1-1,rs199890410,31.17427624,23.5448562,7.629420041,,,,0.505054031,0.558749209,0.678890495
Rd2.1.3_P1+2_WT_20210730,B23,KQ304_10_P2.1-1,KQ304_L20_5-10-5_10uM_P2.1-1,rs199890410,31.29572308,23.56383956,7.73188352,,,,0.60751751,,
Rd2.1.3_P1+2_WT_20210730,B24,KQ304_10_P2.1-1,KQ304_L20_5-10-5_10uM_P2.1-1,rs199890410,31.32702359,23.6389815,7.688042095,,,,0.563676085,,
Rd2.1.3_P1+2_WT_20210730,E7,KQ305_10_P2.1-1,KQ305_L20_5-10-5_10uM_P2.1-1,rs139851880,30.36861616,23.04653147,7.322084687,,,,0.197718677,0.110198497,0.926460583
Rd2.1.3_P1+2_WT_20210730,E8,KQ305_10_P2.1-1,KQ305_L20_5-10-5_10uM_P2.1-1,rs139851880,30.25624547,23.0889476,7.167297868,,,,0.042931859,,
Rd2.1.3_P1+2_WT_20210730,E9,KQ305_10_P2.1-1,KQ305_L20_5-10-5_10uM_P2.1-1,rs139851880,30.34101268,23.12670171,7.214310967,,,,0.089944957,,
Rd2.1.3_P1+2_WT_20210730,E19,KQ305_10_P2.1-1,KQ305_L20_5-10-5_10uM_P2.1-1,rs139851880,31.56668029,23.93479108,7.631889205,,,,0.507523195,0.340930848,0.78953173
Rd2.1.3_P1+2_WT_20210730,E20,KQ305_10_P2.1-1,KQ305_L20_5-10-5_10uM_P2.1-1,rs139851880,31.54915656,24.0280146,7.521141966,,,,0.396775956,,
Rd2.1.3_P1+2_WT_20210730,E21,KQ305_10_P2.1-1,KQ305_L20_5-10-5_10uM_P2.1-1,rs139851880,31.35762582,24.11476641,7.242859401,,,,0.118493391,,
Rd2.1.3_P1+2_WT_20210730,B4,KQ306_10_P2.1-1,KQ306_L20_5-10-5_10uM_P2.1-1,rs139851880,30.24271529,22.86666229,7.376053,,,,0.25168699,0.21036714,0.86431725
Rd2.1.3_P1+2_WT_20210730,B5,KQ306_10_P2.1-1,KQ306_L20_5-10-5_10uM_P2.1-1,rs139851880,30.32288254,22.93814971,7.384732832,,,,0.260366822,,
Rd2.1.3_P1+2_WT_20210730,B6,KQ306_10_P2.1-1,KQ306_L20_5-10-5_10uM_P2.1-1,rs139851880,30.19445067,22.95103706,7.243413617,,,,0.119047607,,
Rd2.1.3_P1+2_WT_20210730,B16,KQ306_10_P2.1-1,KQ306_L20_5-10-5_10uM_P2.1-1,rs139851880,30.81148406,23.27544174,7.536042325,,,,0.411676315,0.293794228,0.815753836
Rd2.1.3_P1+2_WT_20210730,B17,KQ306_10_P2.1-1,KQ306_L20_5-10-5_10uM_P2.1-1,rs139851880,30.65056885,23.33271418,7.317854673,,,,0.193488663,,
Rd2.1.3_P1+2_WT_20210730,B18,KQ306_10_P2.1-1,KQ306_L20_5-10-5_10uM_P2.1-1,rs139851880,30.81160013,23.41101642,7.400583715,,,,0.276217705,,
Rd2.1.3_P1+2_WT_20210730,A7,KQ331_10_P2.1-1,KQ331_L20_5-10-5_10uM_P2.1-1,rs72404019,31.24835676,23.55278706,7.695569698,,,,0.571203688,0.685291547,0.621880141
Rd2.1.3_P1+2_WT_20210730,A8,KQ331_10_P2.1-1,KQ331_L20_5-10-5_10uM_P2.1-1,rs72404019,31.3674577,23.56682199,7.800635712,,,,0.676269702,,
Rd2.1.3_P1+2_WT_20210730,A9,KQ331_10_P2.1-1,KQ331_L20_5-10-5_10uM_P2.1-1,rs72404019,31.52437663,23.59160937,7.932767259,,,,0.80840125,,
Rd2.1.3_P1+2_WT_20210730,A19,KQ331_10_P2.1-1,KQ331_L20_5-10-5_10uM_P2.1-1,rs72404019,32.05898444,23.91426576,8.14471868,,,,1.02035267,0.896886278,0.537044567
Rd2.1.3_P1+2_WT_20210730,A20,KQ331_10_P2.1-1,KQ331_L20_5-10-5_10uM_P2.1-1,rs72404019,31.91157107,23.95470805,7.956863015,,,,0.832497006,,
Rd2.1.3_P1+2_WT_20210730,A21,KQ331_10_P2.1-1,KQ331_L20_5-10-5_10uM_P2.1-1,rs72404019,31.96263777,24.0004626,7.962175167,,,,0.837809158,,
Rd2.1.3_P1+2_WT_20210730,F1,KQ332_10_P2.1-1,KQ332_L20_5-10-5_10uM_P2.1-1,rs72404019,31.81033092,23.492184,8.318146921,,,,1.193780911,1.208267654,0.432787983
Rd2.1.3_P1+2_WT_20210730,F2,KQ332_10_P2.1-1,KQ332_L20_5-10-5_10uM_P2.1-1,rs72404019,32.03558176,23.60193379,8.433647969,,,,1.309281959,,
Rd2.1.3_P1+2_WT_20210730,F3,KQ332_10_P2.1-1,KQ332_L20_5-10-5_10uM_P2.1-1,rs72404019,31.81377487,23.56766877,8.2461061,,,,1.121740091,,
Rd2.1.3_P1+2_WT_20210730,F13,KQ332_10_P2.1-1,KQ332_L20_5-10-5_10uM_P2.1-1,rs72404019,31.12497035,22.98282027,8.14215008,,,,1.01778407,1.131525509,0.456432837
Rd2.1.3_P1+2_WT_20210730,F14,KQ332_10_P2.1-1,KQ332_L20_5-10-5_10uM_P2.1-1,rs72404019,31.51079851,23.07732831,8.433470206,,,,1.309104196,,
Rd2.1.3_P1+2_WT_20210730,F15,KQ332_10_P2.1-1,KQ332_L20_5-10-5_10uM_P2.1-1,rs72404019,31.27155827,23.079504,8.19205427,,,,1.06768826,,
Rd2.1.3_P1+2_WT_20210730,D1,KQ371_10_P2.1-1,KQ371_L20_5-10-5_10uM_P2.1-1,rs8113956,32.11568183,23.43586269,8.67981914,,,,1.555453131,1.471744985,0.360545943
Rd2.1.3_P1+2_WT_20210730,D2,KQ371_10_P2.1-1,KQ371_L20_5-10-5_10uM_P2.1-1,rs8113956,32.1788656,23.53605169,8.64281391,,,,1.5184479,,
Rd2.1.3_P1+2_WT_20210730,D3,KQ371_10_P2.1-1,KQ371_L20_5-10-5_10uM_P2.1-1,rs8113956,32.0628036,23.59710366,8.465699934,,,,1.341333924,,
Rd2.1.3_P1+2_WT_20210730,D13,KQ371_10_P2.1-1,KQ371_L20_5-10-5_10uM_P2.1-1,rs8113956,32.06538986,23.66888024,8.396509617,,,,1.272143607,1.369185455,0.387109749
Rd2.1.3_P1+2_WT_20210730,D14,KQ371_10_P2.1-1,KQ371_L20_5-10-5_10uM_P2.1-1,rs8113956,32.35904362,23.68899795,8.670045675,,,,1.545679665,,
Rd2.1.3_P1+2_WT_20210730,D15,KQ371_10_P2.1-1,KQ371_L20_5-10-5_10uM_P2.1-1,rs8113956,32.18090846,23.76680935,8.414099102,,,,1.289733092,,
Rd2.1.3_P1+2_WT_20210730,B1,KQ372_10_P2.1-1,KQ372_L20_5-10-5_10uM_P2.1-1,rs8113956,30.99344611,23.0788074,7.914638704,,,,0.790272694,0.902752649,0.534865239
Rd2.1.3_P1+2_WT_20210730,B2,KQ372_10_P2.1-1,KQ372_L20_5-10-5_10uM_P2.1-1,rs8113956,31.142296,23.13156075,8.010735244,,,,0.886369234,,
Rd2.1.3_P1+2_WT_20210730,B3,KQ372_10_P2.1-1,KQ372_L20_5-10-5_10uM_P2.1-1,rs8113956,31.33391113,23.1779291,8.15598203,,,,1.03161602,,
Rd2.1.3_P1+2_WT_20210730,B13,KQ372_10_P2.1-1,KQ372_L20_5-10-5_10uM_P2.1-1,rs8113956,31.55788291,23.59105253,7.966830376,,,,0.842464366,0.900951311,0.535533485
Rd2.1.3_P1+2_WT_20210730,B14,KQ372_10_P2.1-1,KQ372_L20_5-10-5_10uM_P2.1-1,rs8113956,31.75687161,23.68062839,8.076243214,,,,0.951877204,,
Rd2.1.3_P1+2_WT_20210730,B15,KQ372_10_P2.1-1,KQ372_L20_5-10-5_10uM_P2.1-1,rs8113956,31.77411304,23.74123466,8.032878373,,,,0.908512363,,
Rd2.1.3_P1+2_WT_20210730,A1,KQ373_10_P2.1-1,KQ373_L20_5-10-5_10uM_P2.1-1,rs8113956,33.19429398,23.82529473,9.368999258,,,,2.244633248,2.091527944,0.234632059
Rd2.1.3_P1+2_WT_20210730,A2,KQ373_10_P2.1-1,KQ373_L20_5-10-5_10uM_P2.1-1,rs8113956,32.92005475,23.8767846,9.043270154,,,,1.918904144,,
Rd2.1.3_P1+2_WT_20210730,A3,KQ373_10_P2.1-1,KQ373_L20_5-10-5_10uM_P2.1-1,rs8113956,33.14849962,23.91308717,9.235412451,,,,2.111046442,,
Rd2.1.3_P1+2_WT_20210730,A13,KQ373_10_P2.1-1,KQ373_L20_5-10-5_10uM_P2.1-1,rs8113956,32.93396496,23.7035609,9.230404063,,,,2.106038053,1.994751064,0.250911228
Rd2.1.3_P1+2_WT_20210730,A14,KQ373_10_P2.1-1,KQ373_L20_5-10-5_10uM_P2.1-1,rs8113956,32.91133865,23.80827606,9.103062587,,,,1.978696578,,
Rd2.1.3_P1+2_WT_20210730,A15,KQ373_10_P2.1-1,KQ373_L20_5-10-5_10uM_P2.1-1,rs8113956,32.82704361,23.80315904,9.023884572,,,,1.899518562,,
Rd2.1.3_P1+2_WT_20210730,F4,KQ426_10_P2.1-1,KQ426_L20_5-10-5_10uM_P2.1-1,rs4809561,31.59913293,23.9374943,7.661638628,,,,0.537272618,0.476082911,0.718926949
Rd2.1.3_P1+2_WT_20210730,F5,KQ426_10_P2.1-1,KQ426_L20_5-10-5_10uM_P2.1-1,rs4809561,31.65392826,24.01746016,7.636468104,,,,0.512102094,,
Rd2.1.3_P1+2_WT_20210730,F6,KQ426_10_P2.1-1,KQ426_L20_5-10-5_10uM_P2.1-1,rs4809561,31.50712558,24.00388555,7.50324003,,,,0.378874021,,
Rd2.1.3_P1+2_WT_20210730,F16,KQ426_10_P2.1-1,KQ426_L20_5-10-5_10uM_P2.1-1,rs4809561,31.0581595,23.87542982,7.182729684,,,,0.058363674,0.122313816,0.918713023
Rd2.1.3_P1+2_WT_20210730,F17,KQ426_10_P2.1-1,KQ426_L20_5-10-5_10uM_P2.1-1,rs4809561,31.20566199,23.90772858,7.297933413,,,,0.173567403,,
Rd2.1.3_P1+2_WT_20210730,F18,KQ426_10_P2.1-1,KQ426_L20_5-10-5_10uM_P2.1-1,rs4809561,31.22456213,23.96518575,7.259376381,,,,0.135010371,,
Rd2.1.3_P1+2_WT_20210730,D7,KQ479_10_P2.1-1,KQ479_L20_5-10-5_10uM_P2.1-1,rs34659510,31.12408833,23.23842867,7.885659665,,,,0.761293656,0.969630656,0.510636774
Rd2.1.3_P1+2_WT_20210730,D8,KQ479_10_P2.1-1,KQ479_L20_5-10-5_10uM_P2.1-1,rs34659510,31.56251824,23.26898879,8.293529449,,,,1.169163439,,
Rd2.1.3_P1+2_WT_20210730,D9,KQ479_10_P2.1-1,KQ479_L20_5-10-5_10uM_P2.1-1,rs34659510,31.44658275,23.34378187,8.102800884,,,,0.978434874,,
Rd2.1.3_P1+2_WT_20210730,D19,KQ479_10_P2.1-1,KQ479_L20_5-10-5_10uM_P2.1-1,rs34659510,32.12787387,23.64573071,8.482143167,,,,1.357777157,1.262968604,0.416685672
Rd2.1.3_P1+2_WT_20210730,D20,KQ479_10_P2.1-1,KQ479_L20_5-10-5_10uM_P2.1-1,rs34659510,32.03846989,23.68477151,8.353698379,,,,1.229332369,,
Rd2.1.3_P1+2_WT_20210730,D21,KQ479_10_P2.1-1,KQ479_L20_5-10-5_10uM_P2.1-1,rs34659510,32.08029722,23.75413492,8.326162295,,,,1.201796285,,
Rd2.1.3_P1+2_WT_20210730,C7,KQ480_10_P2.1-1,KQ480_L20_5-10-5_10uM_P2.1-1,rs34659510,31.21601529,23.32846342,7.887551869,,,,0.76318586,0.893731808,0.538220106
Rd2.1.3_P1+2_WT_20210730,C8,KQ480_10_P2.1-1,KQ480_L20_5-10-5_10uM_P2.1-1,rs34659510,31.5669224,23.35691705,8.210005345,,,,1.085639335,,
Rd2.1.3_P1+2_WT_20210730,C9,KQ480_10_P2.1-1,KQ480_L20_5-10-5_10uM_P2.1-1,rs34659510,31.36841225,23.41167601,7.956736238,,,,0.832370228,,
Rd2.1.3_P1+2_WT_20210730,C19,KQ480_10_P2.1-1,KQ480_L20_5-10-5_10uM_P2.1-1,rs34659510,32.29469832,24.56879331,7.725905013,,,,0.601539003,0.690428499,0.619669773
Rd2.1.3_P1+2_WT_20210730,C20,KQ480_10_P2.1-1,KQ480_L20_5-10-5_10uM_P2.1-1,rs34659510,32.34105091,24.59300476,7.74804615,,,,0.62368014,,
Rd2.1.3_P1+2_WT_20210730,C21,KQ480_10_P2.1-1,KQ480_L20_5-10-5_10uM_P2.1-1,rs34659510,32.64114775,24.67071539,7.970432363,,,,0.846066354,,
Rd2.1.3_P1+2_WT_20210730,D10,KQ500_10_P2.1-1,KQ500_L20_5-10-5_10uM_P2.1-1,rs13040636,32.33788399,23.63259541,8.705288573,,,,1.580922563,1.534492605,0.345200724
Rd2.1.3_P1+2_WT_20210730,D11,KQ500_10_P2.1-1,KQ500_L20_5-10-5_10uM_P2.1-1,rs13040636,32.66796826,23.70871048,8.959257788,,,,1.834891778,,
Rd2.1.3_P1+2_WT_20210730,D12,KQ500_10_P2.1-1,KQ500_L20_5-10-5_10uM_P2.1-1,rs13040636,32.09966068,23.78763119,8.312029485,,,,1.187663475,,
Rd2.1.3_P1+2_WT_20210730,D22,KQ500_10_P2.1-1,KQ500_L20_5-10-5_10uM_P2.1-1,rs13040636,33.06309487,24.19522337,8.867871499,,,,1.743505489,1.775570807,0.292078727
Rd2.1.3_P1+2_WT_20210730,D23,KQ500_10_P2.1-1,KQ500_L20_5-10-5_10uM_P2.1-1,rs13040636,32.909507,24.25014381,8.659363195,,,,1.534997185,,
Rd2.1.3_P1+2_WT_20210730,D24,KQ500_10_P2.1-1,KQ500_L20_5-10-5_10uM_P2.1-1,rs13040636,33.4641257,24.29154994,9.172575758,,,,2.048209748,,
Rd2.1.3_P1+2_WT_20210730,C10,KQ501_10_P2.1-1,KQ501_L20_5-10-5_10uM_P2.1-1,rs13040636,32.07114122,23.73682404,8.334317177,,,,1.209951167,1.129158557,0.457182296
Rd2.1.3_P1+2_WT_20210730,C11,KQ501_10_P2.1-1,KQ501_L20_5-10-5_10uM_P2.1-1,rs13040636,31.91779831,23.75736966,8.160428654,,,,1.036062644,,
Rd2.1.3_P1+2_WT_20210730,C12,KQ501_10_P2.1-1,KQ501_L20_5-10-5_10uM_P2.1-1,rs13040636,32.05598401,23.79015614,8.26582787,,,,1.14146186,,
Rd2.1.3_P1+2_WT_20210730,C22,KQ501_10_P2.1-1,KQ501_L20_5-10-5_10uM_P2.1-1,rs13040636,31.56122009,23.2799248,8.281295286,,,,1.156929276,1.043756277,0.485062893
Rd2.1.3_P1+2_WT_20210730,C23,KQ501_10_P2.1-1,KQ501_L20_5-10-5_10uM_P2.1-1,rs13040636,31.56180397,23.31504613,8.246757835,,,,1.122391825,,
Rd2.1.3_P1+2_WT_20210730,C24,KQ501_10_P2.1-1,KQ501_L20_5-10-5_10uM_P2.1-1,rs13040636,31.34623717,23.36992343,7.976313739,,,,0.851947729,,
Rd2.1.3_P1+2_WT_20210730,A4,KQ830_10_P2.1-1,KQ830_L20_5-10-5_10uM_P2.1-1,rs4809302,30.79547745,23.29148678,7.503990669,,,,0.379624659,0.447787273,0.733166477
Rd2.1.3_P1+2_WT_20210730,A5,KQ830_10_P2.1-1,KQ830_L20_5-10-5_10uM_P2.1-1,rs4809302,30.88336471,23.36239869,7.520966018,,,,0.396600009,,
Rd2.1.3_P1+2_WT_20210730,A6,KQ830_10_P2.1-1,KQ830_L20_5-10-5_10uM_P2.1-1,rs4809302,31.05876467,23.36726151,7.691503162,,,,0.567137152,,
Rd2.1.3_P1+2_WT_20210730,A16,KQ830_10_P2.1-1,KQ830_L20_5-10-5_10uM_P2.1-1,rs4809302,31.1213866,23.32674837,7.794638234,,,,0.670272224,0.506660526,0.703849788
Rd2.1.3_P1+2_WT_20210730,A17,KQ830_10_P2.1-1,KQ830_L20_5-10-5_10uM_P2.1-1,rs4809302,31.00891442,23.38785265,7.62106177,,,,0.49669576,,
Rd2.1.3_P1+2_WT_20210730,A18,KQ830_10_P2.1-1,KQ830_L20_5-10-5_10uM_P2.1-1,rs4809302,30.91765077,23.44027116,7.477379603,,,,0.353013593,,