Experiment Name,Position,SampleName,ASO Microsynth ID ,CrossingPoint,CrossingPoint.1,dCt,Avg,SD,ddCt,Avg_ddCt,Exp
ASO505-528_MT_20210623,O1,Naïve_P44,Naïve_P44,28.9490002651567,21.5040375749813,7.444962690175402,7.526267964895461,0.137148253883201,-0.08130527472005955,-0.026335640894625516,1.0184221066215307
ASO505-528_MT_20210623,O2,Naïve_P44,Naïve_P44,29.1105429183421,21.556826998606,7.553715919736103,,,0.027447954840641664,,
ASO505-528_MT_20210623,O3,Naïve_P44,Naïve_P44,29.0872836888553,21.5861653267643,7.5011183620910025,,,-0.02514960280445866,,
ASO505-528_MT_20210623,O4,Naïve_P44,Naïve_P44,29.0947168304465,21.418663487707,7.6760533427395,,,0.14978537784403922,0.11289317635263914,0.9247317468878659
ASO505-528_MT_20210623,O5,Naïve_P44,Naïve_P44,29.096304577501,21.4080929638669,7.6882116136341025,,,0.16194364873864142,,
ASO505-528_MT_20210623,O6,Naïve_P44,Naïve_P44,29.072065974492,21.5188475071213,7.553218467370698,,,0.02695050247523678,,
ASO505-528_MT_20210623,O7,Naïve_P44,Naïve_P44,29.1970962699371,21.4151121391317,7.781984130805398,,,0.25571616590993695,0.1815402894755378,0.8817610837182767
ASO505-528_MT_20210623,O8,Naïve_P44,Naïve_P44,29.0714897431656,21.4283688144979,7.643120928667699,,,0.11685296377223775,,
ASO505-528_MT_20210623,O9,Naïve_P44,Naïve_P44,29.2493955857466,21.5510758821067,7.6983197036399,,,0.1720517387444387,,
ASO505-528_MT_20210623,P1,Naïve_P44,Naïve_P44,29.2176259362601,21.8909556183324,7.3266703179277,,,-0.19959764696776094,-0.10217982946672866,1.073394074788638
ASO505-528_MT_20210623,P2,Naïve_P44,Naïve_P44,29.3095064965601,21.896201163549,7.413305333011099,,,-0.11296263188436217,,
ASO505-528_MT_20210623,P3,Naïve_P44,Naïve_P44,29.4656824682411,21.9333937128937,7.532288755347398,,,0.0060207904519371525,,
ASO505-528_MT_20210623,P4,Naïve_P44,Naïve_P44,29.1568213816716,21.7449764089182,7.4118449727534035,,,-0.11442299214205764,-0.12546275564452683,1.0908575775988145
ASO505-528_MT_20210623,P5,Naïve_P44,Naïve_P44,29.1834029634678,21.7653354487935,7.4180675146742985,,,-0.10820045022116265,,
ASO505-528_MT_20210623,P6,Naïve_P44,Naïve_P44,29.2159763495198,21.8434732091947,7.372503140325101,,,-0.15376482457036023,,
ASO505-528_MT_20210623,P7,Naïve_P44,Naïve_P44,29.2471250968181,21.857216851118,7.389908245700099,,,-0.1363597191953625,-0.04045523982229415,1.0284382973131185
ASO505-528_MT_20210623,P8,Naïve_P44,Naïve_P44,29.4908507245546,21.8268041373229,7.664046587231702,,,0.13777862233624116,,
ASO505-528_MT_20210623,P9,Naïve_P44,Naïve_P44,29.2771262777091,21.8736429354214,7.4034833422877,,,-0.12278462260776113,,
ASO505-528_MT_20210623,O10,Ionis1375651_10_P44,Ionis1375651_10uM_P44,36.0416095566716,25.4034750312434,10.638134525428203,,,3.111866560532742,4.80151426374954,0.035859165779474504
ASO505-528_MT_20210623,O11,Ionis1375651_10_P44,Ionis1375651_10uM_P44,37.8038781976433,25.4767803005483,12.327097897095001,,,4.80082993219954,,
ASO505-528_MT_20210623,O12,Ionis1375651_10_P44,Ionis1375651_10uM_P44,39.5438229490672,25.5257086856554,14.0181142634118,,,6.4918462985163385,,
ASO505-528_MT_20210623,P10,Ionis1375651_10_P44,Ionis1375651_10uM_P44,36.7524849159165,26.7361755137111,10.016309402205398,,,2.4900414373099364,1.5444872410902393,0.34281752290500617
ASO505-528_MT_20210623,P11,Ionis1375651_10_P44,Ionis1375651_10uM_P44,36.1063789214623,26.8391282817978,9.2672506396645,,,1.7409826747690387,,
ASO505-528_MT_20210623,P12,Ionis1375651_10_P44,Ionis1375651_10uM_P44,34.7758668810209,26.8471613049337,7.928705576087204,,,0.4024376111917425,,
ASO505-528_MT_20210623,O13,Ionis1375651_3_P44,Ionis1375651_3uM_P44,33.6403779023603,25.6697272909007,7.9706506114596,,,0.44438264656413917,0.5149860910995399,0.6997996794743997
ASO505-528_MT_20210623,O14,Ionis1375651_3_P44,Ionis1375651_3uM_P44,33.7369296871933,25.7384449928586,7.998484694334703,,,0.47221672943924187,,
ASO505-528_MT_20210623,O15,Ionis1375651_3_P44,Ionis1375651_3uM_P44,33.910009676255,25.7553828140643,8.1546268621907,,,0.6283588972952385,,
ASO505-528_MT_20210623,P13,Ionis1375651_3_P44,Ionis1375651_3uM_P44,35.8087923193205,25.5164511894944,10.292341129826102,,,2.766073164930641,2.933628031781238,0.13088502681606726
ASO505-528_MT_20210623,P14,Ionis1375651_3_P44,Ionis1375651_3uM_P44,36.0415686688763,25.5685842807135,10.4729843881628,,,2.946716423267339,,
ASO505-528_MT_20210623,P15,Ionis1375651_3_P44,Ionis1375651_3uM_P44,36.188364774932,25.5740023028908,10.614362472041197,,,3.088094507145736,,
ASO505-528_MT_20210623,O16,Ionis676630_10_P44,Ionis676630_10uM_P44,33.8667389865686,25.1003797282078,8.7663592583608,,,1.2400912934653396,1.0225587869733397,0.4922425283492767
ASO505-528_MT_20210623,O17,Ionis676630_10_P44,Ionis676630_10uM_P44,33.5404697912376,25.105135304355,8.4353344868826,,,0.9090665219871381,,
ASO505-528_MT_20210623,O18,Ionis676630_10_P44,Ionis676630_10uM_P44,33.5911298764996,25.1463433661366,8.444786510363002,,,0.9185185454675411,,
ASO505-528_MT_20210623,P16,Ionis676630_10_P44,Ionis676630_10uM_P44,34.1080249839929,26.5481544334852,7.559870550507696,,,0.03360258561223528,-0.027548038883395225,1.019278317976351
ASO505-528_MT_20210623,P17,Ionis676630_10_P44,Ionis676630_10uM_P44,33.9573303835317,26.6074628468648,7.349867536666899,,,-0.17640042822856206,,
ASO505-528_MT_20210623,P18,Ionis676630_10_P44,Ionis676630_10uM_P44,34.1839881124758,26.5975664216142,7.586421690861602,,,0.0601537259661411,,
ASO505-528_MT_20210623,I1,ASO517_10,KQ2097_L19_6-08-5_10uM_P44,32.0607936852765,24.5818198156346,7.4789738696419015,,,-0.047294095253559654,0.1392767939171066,0.9079741980572776
ASO505-528_MT_20210623,I2,ASO517_10,KQ2097_L19_6-08-5_10uM_P44,32.2592925113527,24.5976866075147,7.661605903837998,,,0.13533793894253687,,
ASO505-528_MT_20210623,I3,ASO517_10,KQ2097_L19_6-08-5_10uM_P44,32.5218116696669,24.6657571667091,7.856054502957804,,,0.3297865380623426,,
ASO505-528_MT_20210623,I4,ASO517_10,KQ2097_L19_6-08-5_10uM_P44,32.7820335988688,24.6404384646855,8.141595134183301,,,0.6153271692878404,0.4017037955355063,0.7569637952583133
ASO505-528_MT_20210623,I5,ASO517_10,KQ2097_L19_6-08-5_10uM_P44,32.4533227029845,24.7017975868587,7.751525116125801,,,0.2252571512303403,,
ASO505-528_MT_20210623,I6,ASO517_10,KQ2097_L19_6-08-5_10uM_P44,32.6094121067362,24.7186170757524,7.890795030983799,,,0.3645270660883382,,
ASO505-528_MT_20210623,I7,ASO517_3,KQ2097_L19_6-08-5_3uM_P44,30.5047989793847,22.8170236559655,7.687775323419199,,,0.1615073585237381,0.09367900628407266,0.937129931235429
ASO505-528_MT_20210623,I8,ASO517_3,KQ2097_L19_6-08-5_3uM_P44,30.4044911649632,22.860824565379,7.543666599584199,,,0.017398634688738035,,
ASO505-528_MT_20210623,I9,ASO517_3,KQ2097_L19_6-08-5_3uM_P44,30.4972626427073,22.8688636521721,7.628398990535203,,,0.10213102563974186,,
ASO505-528_MT_20210623,I10,ASO517_3,KQ2097_L19_6-08-5_3uM_P44,29.3228035309213,21.8411482718302,7.481655259091099,,,-0.044612705804362385,0.035516259938504234,0.9756825560330652
ASO505-528_MT_20210623,I11,ASO517_3,KQ2097_L19_6-08-5_3uM_P44,29.4590192098407,21.8416329391082,7.617386270732499,,,0.09111830583703817,,
ASO505-528_MT_20210623,I12,ASO517_3,KQ2097_L19_6-08-5_3uM_P44,29.5150066686919,21.9286955240136,7.586311144678298,,,0.06004317978283691,,
ASO505-528_MT_20210623,J1,ASO518_10,KQ2098_L21_7-08-6_10uM_P44,33.2533347922841,25.9870451935766,7.266289598707502,,,-0.25997836618795933,0.05213448839034059,0.964508268692645
ASO505-528_MT_20210623,J2,ASO518_10,KQ2098_L21_7-08-6_10uM_P44,33.8098961268713,25.9898242547932,7.820071872078103,,,0.2938039071826415,,
ASO505-528_MT_20210623,J3,ASO518_10,KQ2098_L21_7-08-6_10uM_P44,33.7199970882765,26.0711511992047,7.648845889071801,,,0.12257792417633961,,
ASO505-528_MT_20210623,J4,ASO518_10,KQ2098_L21_7-08-6_10uM_P44,34.4895377184695,26.0927774322455,8.396760286223998,,,0.8704923213285367,0.548102953108604,0.6839188446278025
ASO505-528_MT_20210623,J5,ASO518_10,KQ2098_L21_7-08-6_10uM_P44,33.7593300087267,26.1110900886559,7.6482399200708,,,0.1219719551753391,,
ASO505-528_MT_20210623,J6,ASO518_10,KQ2098_L21_7-08-6_10uM_P44,34.336303822225,26.1581912745076,8.178112547717397,,,0.6518445828219361,,
ASO505-528_MT_20210623,J7,ASO518_3,KQ2098_L21_7-08-6_3uM_P44,31.3864843809866,23.8285412218537,7.5579431591329005,,,0.031675194237439364,0.09135718008050524,0.9386393317543182
ASO505-528_MT_20210623,J8,ASO518_3,KQ2098_L21_7-08-6_3uM_P44,31.6114503583868,23.8709420249305,7.740508333456301,,,0.21424036856083983,,
ASO505-528_MT_20210623,J9,ASO518_3,KQ2098_L21_7-08-6_3uM_P44,31.4921828583486,23.9377589160099,7.554423942338698,,,0.028155977443236502,,
ASO505-528_MT_20210623,J10,ASO518_3,KQ2098_L21_7-08-6_3uM_P44,31.8149633527112,23.9401973808012,7.874765971909998,,,0.3484980070145367,0.0639523202308719,0.9566397736506296
ASO505-528_MT_20210623,J11,ASO518_3,KQ2098_L21_7-08-6_3uM_P44,31.3551715169197,23.947687859481,7.4074836574387,,,-0.11878430745676116,,
ASO505-528_MT_20210623,J12,ASO518_3,KQ2098_L21_7-08-6_3uM_P44,31.5095011945086,24.0210899684783,7.488411226030301,,,-0.037856738865159834,,
ASO505-528_MT_20210623,K1,ASO519_10,KQ2099_L21_7-08-6_10uM_P44,34.1303563175524,26.6233907800617,7.5069655374906965,,,-0.01930242740476462,0.5425155622116055,0.6865727189041143
ASO505-528_MT_20210623,K2,ASO519_10,KQ2099_L21_7-08-6_10uM_P44,34.9363513322352,26.6085194278093,8.3278319044259,,,0.8015639395304381,,
ASO505-528_MT_20210623,K3,ASO519_10,KQ2099_L21_7-08-6_10uM_P44,35.023315451903,26.6517623124984,8.371553139404604,,,0.8452851745091428,,
ASO505-528_MT_20210623,K4,ASO519_10,KQ2099_L21_7-08-6_10uM_P44,34.3226189401977,25.577238382157,8.7453805580407,,,1.2191125931452396,1.1619720437027388,0.4469012410701503
ASO505-528_MT_20210623,K5,ASO519_10,KQ2099_L21_7-08-6_10uM_P44,33.8768940735311,25.5871610818946,8.289732991636498,,,0.763465026741037,,
ASO505-528_MT_20210623,K6,ASO519_10,KQ2099_L21_7-08-6_10uM_P44,34.6635140379282,25.6339075618108,9.0296064761174,,,1.5033385112219397,,
ASO505-528_MT_20210623,K7,ASO519_3,KQ2099_L21_7-08-6_3uM_P44,32.3846078285562,23.8749591007605,8.5096487277957,,,0.9833807629002385,1.0640205302923371,0.47829727258135457
ASO505-528_MT_20210623,K8,ASO519_3,KQ2099_L21_7-08-6_3uM_P44,32.5544171524286,23.8373003021064,8.7171168503222,,,1.190848885426738,,
ASO505-528_MT_20210623,K9,ASO519_3,KQ2099_L21_7-08-6_3uM_P44,32.406669911523,23.8625700040775,8.544099907445496,,,1.0178319425500346,,
ASO505-528_MT_20210623,K10,ASO519_3,KQ2099_L21_7-08-6_3uM_P44,32.6863571505241,24.892060057698,7.794297092826103,,,0.2680291279306415,0.2130359798443401,0.8627198286218749
ASO505-528_MT_20210623,K11,ASO519_3,KQ2099_L21_7-08-6_3uM_P44,32.641688126528,24.9384200759165,7.703268050611502,,,0.17700008571604098,,
ASO505-528_MT_20210623,K12,ASO519_3,KQ2099_L21_7-08-6_3uM_P44,32.7313113560123,25.0109646652305,7.720346690781799,,,0.1940787258863379,,
ASO505-528_MT_20210623,L1,ASO520_10,KQ2100_L21_7-08-6_10uM_P44,34.9139126718067,25.4950903312623,9.418822340544398,,,1.8925543756489374,1.701727912465637,0.3074176893107349
ASO505-528_MT_20210623,L2,ASO520_10,KQ2100_L21_7-08-6_10uM_P44,34.7763894646408,25.539928523233,9.236460941407799,,,1.7101929765123378,,
ASO505-528_MT_20210623,L3,ASO520_10,KQ2100_L21_7-08-6_10uM_P44,34.5937634393436,25.5650590892125,9.028704350131097,,,1.5024363852356357,,
ASO505-528_MT_20210623,L4,ASO520_10,KQ2100_L21_7-08-6_10uM_P44,33.4427236953101,26.0447180103707,7.398005684939399,,,-0.1282622799560622,0.06290253155670585,0.9573361336173838
ASO505-528_MT_20210623,L5,ASO520_10,KQ2100_L21_7-08-6_10uM_P44,33.5911860241004,26.0037382288242,7.587447795276201,,,0.06117983038074026,,
ASO505-528_MT_20210623,L6,ASO520_10,KQ2100_L21_7-08-6_10uM_P44,33.8759546707942,26.0938966616533,7.782058009140901,,,0.2557900442454395,,
ASO505-528_MT_20210623,L7,ASO520_3,KQ2100_L21_7-08-6_3uM_P44,32.7508380215183,23.2318699303766,9.518968091141698,,,1.9927001262462367,2.051718381614072,0.24119662385323273
ASO505-528_MT_20210623,L8,ASO520_3,KQ2100_L21_7-08-6_3uM_P44,32.8577206553174,23.2531826145053,9.604538040812102,,,2.078270075916641,,
ASO505-528_MT_20210623,L9,ASO520_3,KQ2100_L21_7-08-6_3uM_P44,32.8855636837023,23.2751107761275,9.6104529075748,,,2.0841849426793386,,
ASO505-528_MT_20210623,L10,ASO520_3,KQ2100_L21_7-08-6_3uM_P44,32.1346683526694,23.8392436859988,8.295424666670602,,,0.7691567017751408,0.9469465766472392,0.5187291765963534
ASO505-528_MT_20210623,L11,ASO520_3,KQ2100_L21_7-08-6_3uM_P44,32.6281831407275,23.8752441067715,8.752939033956,,,1.2266710690605391,,
ASO505-528_MT_20210623,L12,ASO520_3,KQ2100_L21_7-08-6_3uM_P44,32.2833357096985,23.912055785697,8.371279924001499,,,0.8450119591060377,,
ASO505-528_MT_20210623,M1,ASO521_10,KQ2101_L21_7-08-6_10uM_P44,35.1405150589875,27.0321939444232,8.108321114564305,,,0.5820531496688437,0.31829220138870706,0.8020187101795605
ASO505-528_MT_20210623,M2,ASO521_10,KQ2101_L21_7-08-6_10uM_P44,34.9338872891893,26.9973044389234,7.9365828502659,,,0.4103148853704388,,
ASO505-528_MT_20210623,M3,ASO521_10,KQ2101_L21_7-08-6_10uM_P44,34.5168107988235,27.0280342648012,7.4887765340223,,,-0.03749143087316131,,
ASO505-528_MT_20210623,M4,ASO521_10,KQ2101_L21_7-08-6_10uM_P44,34.5669909963954,25.7472921483008,8.819698848094596,,,1.293430883199135,1.0711365233367725,0.47594391318060364
ASO505-528_MT_20210623,M5,ASO521_10,KQ2101_L21_7-08-6_10uM_P44,34.7160371214915,25.7984092498282,8.917627871663303,,,1.3913599067678417,,
ASO505-528_MT_20210623,M6,ASO521_10,KQ2101_L21_7-08-6_10uM_P44,33.9099538051651,25.8550670602263,8.054886744938802,,,0.5286187800433408,,
ASO505-528_MT_20210623,M7,ASO521_3,KQ2101_L21_7-08-6_3uM_P44,32.1313966456146,23.2612014400904,8.870195205524201,,,1.34392724062874,1.3065717775296386,0.4042804155926998
ASO505-528_MT_20210623,M8,ASO521_3,KQ2101_L21_7-08-6_3uM_P44,32.077761517622,23.2376874877789,8.840074029843102,,,1.3138060649476406,,
ASO505-528_MT_20210623,M9,ASO521_3,KQ2101_L21_7-08-6_3uM_P44,32.1299019129567,23.3416519210487,8.788249991907996,,,1.261982027012535,,
ASO505-528_MT_20210623,M10,ASO521_3,KQ2101_L21_7-08-6_3uM_P44,31.9057718852913,25.1172289925779,6.7885428927134015,,,-0.7377250721820596,-0.6466186979756943,1.5654947800287848
ASO505-528_MT_20210623,M11,ASO521_3,KQ2101_L21_7-08-6_3uM_P44,32.1143600667013,25.1759095487927,6.938450517908603,,,-0.5878174469868584,,
ASO505-528_MT_20210623,M12,ASO521_3,KQ2101_L21_7-08-6_3uM_P44,32.1231966829293,25.211242292792,6.911954390137296,,,-0.6143135747581647,,
ASO505-528_MT_20210623,N1,ASO522_10,KQ2102_L21_7-08-6_10uM_P44,35.070461968833,27.0057325537154,8.0647294151176,,,0.5384614502221394,0.6409977389585716,0.6412693063997117
ASO505-528_MT_20210623,N2,ASO522_10,KQ2102_L21_7-08-6_10uM_P44,34.8301107798253,27.0303161923109,7.799794587514398,,,0.27352662261893723,,
ASO505-528_MT_20210623,N3,ASO522_10,KQ2102_L21_7-08-6_10uM_P44,35.6329288408039,26.9956557318738,8.6372731089301,,,1.111005144034638,,
ASO505-528_MT_20210623,N4,ASO522_10,KQ2102_L21_7-08-6_10uM_P44,33.5902219360706,25.9259444348322,7.664277501238399,,,0.13800953634293744,0.03912892305973662,0.9732423987470528
ASO505-528_MT_20210623,N5,ASO522_10,KQ2102_L21_7-08-6_10uM_P44,33.4567659038403,25.9584447534977,7.498321150342598,,,-0.027946814552863408,,
ASO505-528_MT_20210623,N6,ASO522_10,KQ2102_L21_7-08-6_10uM_P44,33.5526406757475,26.0190486634629,7.533592012284597,,,0.007324047389135835,,
ASO505-528_MT_20210623,N7,ASO522_3,KQ2102_L21_7-08-6_3uM_P44,34.1899745863893,25.1682510631449,9.021723523244397,,,1.4954555583489357,1.31051003444397,0.4031783192103927
ASO505-528_MT_20210623,N8,ASO522_3,KQ2102_L21_7-08-6_3uM_P44,34.1230392091245,25.2025553263933,8.920483882731201,,,1.3942159178357398,,
ASO505-528_MT_20210623,N9,ASO522_3,KQ2102_L21_7-08-6_3uM_P44,33.8541660246477,25.286039432605,8.568126592042695,,,1.041858627147234,,
ASO505-528_MT_20210623,N10,ASO522_3,KQ2102_L21_7-08-6_3uM_P44,31.7476861819025,25.091449954851,6.656236227051497,,,-0.8700317378439637,-0.7480169923805287,1.6794827670904027
ASO505-528_MT_20210623,N11,ASO522_3,KQ2102_L21_7-08-6_3uM_P44,31.9055773646868,25.115819094331,6.789758270355801,,,-0.7365096945396603,,
ASO505-528_MT_20210623,N12,ASO522_3,KQ2102_L21_7-08-6_3uM_P44,32.1360206465937,25.2472622264562,6.888758420137499,,,-0.637509544757962,,
ASO505-528_MT_20210623,I13,ASO523_10,KQ2103_L20_6-08-6_10uM_P44,34.350894880126,25.2976543880052,9.0532404921208,,,1.5269725272253387,1.6624242526675064,0.3159078620727118
ASO505-528_MT_20210623,I14,ASO523_10,KQ2103_L20_6-08-6_10uM_P44,34.5145457768103,25.3543447550194,9.1602010217909,,,1.6339330568954393,,
ASO505-528_MT_20210623,I15,ASO523_10,KQ2103_L20_6-08-6_10uM_P44,34.7849529588169,25.4323178200397,9.352635138777202,,,1.8263671738817413,,
ASO505-528_MT_20210623,I16,ASO523_10,KQ2103_L20_6-08-6_10uM_P44,33.7851600851092,24.7760336654642,9.009126419644996,,,1.4828584547495351,1.301300773705072,0.4057601886050762
ASO505-528_MT_20210623,I17,ASO523_10,KQ2103_L20_6-08-6_10uM_P44,33.4876339636722,24.8317506748998,8.6558832887724,,,1.1296153238769397,,
ASO505-528_MT_20210623,I18,ASO523_10,KQ2103_L20_6-08-6_10uM_P44,33.732914244489,24.9152177371048,8.817696507384202,,,1.2914285424887408,,
ASO505-528_MT_20210623,I19,ASO523_3,KQ2103_L20_6-08-6_3uM_P44,31.9350438038499,24.2984893892956,7.6365544145543005,,,0.11028644965883938,0.19460805589637223,0.8738102560307728
ASO505-528_MT_20210623,I20,ASO523_3,KQ2103_L20_6-08-6_3uM_P44,31.9769606208944,24.3305447769365,7.6464158439579,,,0.12014787906243907,,
ASO505-528_MT_20210623,I21,ASO523_3,KQ2103_L20_6-08-6_3uM_P44,32.2240469776185,24.3443891737552,7.879657803863299,,,0.35338983896783827,,
ASO505-528_MT_20210623,I22,ASO523_3,KQ2103_L20_6-08-6_3uM_P44,33.0236205200127,24.1089098175316,8.914710702481099,,,1.3884427375856374,1.295849208960937,0.4072963500811699
ASO505-528_MT_20210623,I23,ASO523_3,KQ2103_L20_6-08-6_3uM_P44,32.8804547525968,24.1735624925786,8.706892260018197,,,1.180624295122736,,
ASO505-528_MT_20210623,I24,ASO523_3,KQ2103_L20_6-08-6_3uM_P44,33.0610199315749,24.216271372505,8.844748559069899,,,1.3184805941744377,,
ASO505-528_MT_20210623,J13,ASO524_10,KQ2104_L20_6-08-6_10uM_P44,33.3145935814774,26.053749320909,7.260844260568405,,,-0.2654237043270564,0.07253552511247256,0.9509652146867833
ASO505-528_MT_20210623,J14,ASO524_10,KQ2104_L20_6-08-6_10uM_P44,33.7836530221746,26.1529499167871,7.6307031053874965,,,0.1044351404920354,,
ASO505-528_MT_20210623,J15,ASO524_10,KQ2104_L20_6-08-6_10uM_P44,34.0814914742922,26.1766283702243,7.9048631040679,,,0.3785951391724387,,
ASO505-528_MT_20210623,J16,ASO524_10,KQ2104_L20_6-08-6_10uM_P44,33.5167727319748,25.837978536739,7.678794195235795,,,0.1525262303403343,0.05335115748873568,0.9636952120919919
ASO505-528_MT_20210623,J17,ASO524_10,KQ2104_L20_6-08-6_10uM_P44,33.2962164035069,25.8786482552632,7.417568148243696,,,-0.10869981665176542,,
ASO505-528_MT_20210623,J18,ASO524_10,KQ2104_L20_6-08-6_10uM_P44,33.5738111242461,25.931316100573,7.642495023673099,,,0.11622705877763817,,
ASO505-528_MT_20210623,J19,ASO524_3,KQ2104_L20_6-08-6_3uM_P44,31.4814104157943,23.712810318014,7.7686000977803005,,,0.24233213288483935,0.3091965919825392,0.807091086985941
ASO505-528_MT_20210623,J20,ASO524_3,KQ2104_L20_6-08-6_3uM_P44,31.6347962427634,23.7559849628908,7.8788112798726,,,0.3525433149771393,,
ASO505-528_MT_20210623,J21,ASO524_3,KQ2104_L20_6-08-6_3uM_P44,31.7169936132202,23.8580113202391,7.8589822929811,,,0.33271432808563883,,
ASO505-528_MT_20210623,J22,ASO524_3,KQ2104_L20_6-08-6_3uM_P44,31.8897327062662,25.2935040841545,6.596228622111703,,,-0.9300393427837585,-0.9342582363828275,1.9109078866798412
ASO505-528_MT_20210623,J23,ASO524_3,KQ2104_L20_6-08-6_3uM_P44,31.9516575706884,25.3707388699042,6.580918700784199,,,-0.945349264111262,,
ASO505-528_MT_20210623,J24,ASO524_3,KQ2104_L20_6-08-6_3uM_P44,32.0314990789595,25.4326172163175,6.598881862641999,,,-0.927386102253462,,
ASO505-528_MT_20210623,K13,ASO525_10,KQ2105_L19_6-08-5_10uM_P44,32.6133541561159,25.4902270028516,7.123127153264303,,,-0.40314081163115834,-0.2846525762217616,1.218116886544118
ASO505-528_MT_20210623,K14,ASO525_10,KQ2105_L19_6-08-5_10uM_P44,32.9939602935851,25.6018639851579,7.392096308427195,,,-0.1341716564682658,,
ASO505-528_MT_20210623,K15,ASO525_10,KQ2105_L19_6-08-5_10uM_P44,32.8148571896578,25.6052344853282,7.2096227043296,,,-0.31664526056586073,,
ASO505-528_MT_20210623,K16,ASO525_10,KQ2105_L19_6-08-5_10uM_P44,34.1240941081398,25.1045169635378,9.019577144602,,,1.4933091797065385,1.408001815269606,0.3768332532392294
ASO505-528_MT_20210623,K17,ASO525_10,KQ2105_L19_6-08-5_10uM_P44,34.0540232685061,25.1534409923129,8.900582276193202,,,1.3743143112977405,,
ASO505-528_MT_20210623,K18,ASO525_10,KQ2105_L19_6-08-5_10uM_P44,34.0893828667213,25.2067329470213,8.8826499197,,,1.3563819548045393,,
ASO505-528_MT_20210623,K19,ASO525_3,KQ2105_L19_6-08-5_3uM_P44,32.1376362719907,23.4486608456846,8.6889754263061,,,1.1627074614106396,1.0734675130137392,0.4751755424967095
ASO505-528_MT_20210623,K20,ASO525_3,KQ2105_L19_6-08-5_3uM_P44,32.0751742166658,23.5354607560259,8.539713460639902,,,1.013445495744441,,
ASO505-528_MT_20210623,K21,ASO525_3,KQ2105_L19_6-08-5_3uM_P44,32.1050609526014,23.5345434058198,8.570517546781598,,,1.0442495818861373,,
ASO505-528_MT_20210623,K22,ASO525_3,KQ2105_L19_6-08-5_3uM_P44,31.6358315711864,23.2073657490369,8.428465822149501,,,0.9021978572540403,0.9087908981873403,0.5326312947938369
ASO505-528_MT_20210623,K23,ASO525_3,KQ2105_L19_6-08-5_3uM_P44,31.525366624993,23.2353676948044,8.289998930188602,,,0.7637309652931412,,
ASO505-528_MT_20210623,K24,ASO525_3,KQ2105_L19_6-08-5_3uM_P44,31.8753266457885,23.2886148088782,8.5867118369103,,,1.0604438720148393,,
ASO505-528_MT_20210623,L13,ASO526_10,KQ2106_L21_7-08-6_10uM_P44,32.6828506291416,24.2882033109619,8.394647318179697,,,0.8683793532842357,0.5692000686927706,0.6739903923878097
ASO505-528_MT_20210623,L14,ASO526_10,KQ2106_L21_7-08-6_10uM_P44,32.257331824375,24.2959310197565,7.961400804618499,,,0.43513283972303807,,
ASO505-528_MT_20210623,L15,ASO526_10,KQ2106_L21_7-08-6_10uM_P44,32.4747241766823,24.5443681987158,7.930355977966499,,,0.40408801307103825,,
ASO505-528_MT_20210623,L16,ASO526_10,KQ2106_L21_7-08-6_10uM_P44,33.12628771657,25.1003692775246,8.025918439045398,,,0.499650474149937,0.42825095645717,0.7431622080830813
ASO505-528_MT_20210623,L17,ASO526_10,KQ2106_L21_7-08-6_10uM_P44,32.8552471599024,25.0964550362695,7.758792123632897,,,0.23252415873743626,,
ASO505-528_MT_20210623,L18,ASO526_10,KQ2106_L21_7-08-6_10uM_P44,33.210081200831,25.1312349994514,8.078846201379598,,,0.5525782364841367,,
ASO505-528_MT_20210623,L19,ASO526_3,KQ2106_L21_7-08-6_3uM_P44,30.9428841618194,22.655624194824,8.2872599669954,,,0.7609920020999388,0.8087955838229387,0.5708582330199601
ASO505-528_MT_20210623,L20,ASO526_3,KQ2106_L21_7-08-6_3uM_P44,31.0035014085154,22.6749947535866,8.328506654928802,,,0.8022386900333407,,
ASO505-528_MT_20210623,L21,ASO526_3,KQ2106_L21_7-08-6_3uM_P44,31.1181752807974,22.7287512565664,8.389424024230998,,,0.8631560593355365,,
ASO505-528_MT_20210623,L22,ASO526_3,KQ2106_L21_7-08-6_3uM_P44,31.0388390288456,22.8343040779999,8.204534950845702,,,0.6782669859502404,0.6547752482944054,0.635174434853714
ASO505-528_MT_20210623,L23,ASO526_3,KQ2106_L21_7-08-6_3uM_P44,31.1183495491773,22.8787391937918,8.239610355385498,,,0.7133423904900367,,
ASO505-528_MT_20210623,L24,ASO526_3,KQ2106_L21_7-08-6_3uM_P44,31.0101231346248,22.9111388012864,8.0989843333384,,,0.572716368442939,,
ASO505-528_MT_20210623,M13,ASO527_10,KQ2107_L19_6-08-5_10uM_P44,31.1716575645978,22.2685619167389,8.903095647858901,,,1.37682768296344,1.3193629403277394,0.40071184451307196
ASO505-528_MT_20210623,M14,ASO527_10,KQ2107_L19_6-08-5_10uM_P44,31.1833150940138,22.339628452453,8.8436866415608,,,1.3174186766653397,,
ASO505-528_MT_20210623,M15,ASO527_10,KQ2107_L19_6-08-5_10uM_P44,31.1269072308834,22.3367968046335,8.7901104262499,,,1.2638424613544386,,
ASO505-528_MT_20210623,M16,ASO527_10,KQ2107_L19_6-08-5_10uM_P44,31.5370180145612,23.2694226929429,8.267595321618298,,,0.7413273567228371,0.6780905916586724,0.6249919047232408
ASO505-528_MT_20210623,M17,ASO527_10,KQ2107_L19_6-08-5_10uM_P44,31.6770802017256,23.3216574518809,8.355422749844703,,,0.8291547849492416,,
ASO505-528_MT_20210623,M18,ASO527_10,KQ2107_L19_6-08-5_10uM_P44,31.3598615083834,23.369803910184,7.9900575981993995,,,0.4637896333039384,,
ASO505-528_MT_20210623,M19,ASO527_3,KQ2107_L19_6-08-5_3uM_P44,30.6008120950471,22.0529404420116,8.5478716530355,,,1.021603688140039,1.053686605786105,0.4817355822539708
ASO505-528_MT_20210623,M20,ASO527_3,KQ2107_L19_6-08-5_3uM_P44,30.5986089566218,22.0407309988015,8.557877957820299,,,1.031609992924838,,
ASO505-528_MT_20210623,M21,ASO527_3,KQ2107_L19_6-08-5_3uM_P44,30.7236040227972,22.0894899216083,8.6341141011889,,,1.1078461362934382,,
ASO505-528_MT_20210623,M22,ASO527_3,KQ2107_L19_6-08-5_3uM_P44,31.0000120367222,22.6216475120353,8.378364524686901,,,0.8520965597914403,0.7729435470355398,0.5852222201594773
ASO505-528_MT_20210623,M23,ASO527_3,KQ2107_L19_6-08-5_3uM_P44,30.880566599373,22.6338165666511,8.246750032721902,,,0.720482067826441,,
ASO505-528_MT_20210623,M24,ASO527_3,KQ2107_L19_6-08-5_3uM_P44,30.9933326509218,22.7208126725376,8.2725199783842,,,0.7462520134887383,,
ASO505-528_MT_20210623,N13,ASO528_10,KQ2108_L21_7-08-6_10uM_P44,33.904625728866,25.1794445383774,8.725181190488602,,,1.1989132255931407,0.8836498591491724,0.5419945090643229
ASO505-528_MT_20210623,N14,ASO528_10,KQ2108_L21_7-08-6_10uM_P44,33.3338793311992,25.234478737792,8.0994005934072,,,0.5731326285117389,,
ASO505-528_MT_20210623,N15,ASO528_10,KQ2108_L21_7-08-6_10uM_P44,33.7156946893965,25.3105230011584,8.405171688238099,,,0.8789037233426376,,
ASO505-528_MT_20210623,N16,ASO528_10,KQ2108_L21_7-08-6_10uM_P44,34.5727277232985,25.1482252584234,9.4245024648751,,,1.8982344999796394,1.628397365160171,0.32344731343549826
ASO505-528_MT_20210623,N17,ASO528_10,KQ2108_L21_7-08-6_10uM_P44,34.5775424140067,25.1749739129778,9.402568501028899,,,1.8763005361334377,,
ASO505-528_MT_20210623,N18,ASO528_10,KQ2108_L21_7-08-6_10uM_P44,33.8844646343606,25.2475396100977,8.636925024262897,,,1.110657059367436,,
ASO505-528_MT_20210623,N19,ASO528_3,KQ2108_L21_7-08-6_3uM_P44,31.994049700716,23.332718469128,8.661331231588001,,,1.1350632666925398,1.2254213763934716,0.4276725817607862
ASO505-528_MT_20210623,N20,ASO528_3,KQ2108_L21_7-08-6_3uM_P44,32.1720292730737,23.3410644872865,8.830964785787199,,,1.3046968208917376,,
ASO505-528_MT_20210623,N21,ASO528_3,KQ2108_L21_7-08-6_3uM_P44,32.1993101600048,23.4365381535132,8.762772006491598,,,1.2365040415961372,,
ASO505-528_MT_20210623,N22,ASO528_3,KQ2108_L21_7-08-6_3uM_P44,33.4651270985351,24.2670963874028,9.1980307111323,,,1.6717627462368396,1.5527606872886397,0.34085718815745053
ASO505-528_MT_20210623,N23,ASO528_3,KQ2108_L21_7-08-6_3uM_P44,33.2730278442908,24.3295430879593,8.9434847563315,,,1.4172167914360392,,
ASO505-528_MT_20210623,N24,ASO528_3,KQ2108_L21_7-08-6_3uM_P44,33.4950572148834,24.3994867257949,9.095570489088502,,,1.5693025241930405,,
