Experiment Name,Position,SampleName,ASO Microsynth ID,Exp,Test plate #
Rd2.3_P1+2_MT_20210723,G10,Ionis1375651_3_P2.3-1,Ionis1375651_3uM_P2.3-1,0.6164198462077233,1.0
Rd2.3_P1+2_MT_20210723,G11,Ionis1375651_3_P2.3-1,Ionis1375651_3uM_P2.3-1,0.5361054711937392,1.0
Rd2.3_P1+2_MT_20210723,G12,Ionis1375651_3_P2.3-1,Ionis1375651_3uM_P2.3-1,0.6067231770230194,1.0
Rd2.3_P1+2_MT_20210723,H10,Ionis1375651_3_P2.3-1,Ionis1375651_3uM_P2.3-1,0.490002795274601,1.0
Rd2.3_P1+2_MT_20210723,H11,Ionis1375651_3_P2.3-1,Ionis1375651_3uM_P2.3-1,0.3968179350717764,1.0
Rd2.3_P1+2_MT_20210723,H12,Ionis1375651_3_P2.3-1,Ionis1375651_3uM_P2.3-1,0.4533375121387396,1.0
Rd2.3_P1+2_Total_20210723,G10,Ionis1375651_3_P2.3-1,Ionis1375651_3uM_P2.3-1,0.6844337844073348,1.0
Rd2.3_P1+2_Total_20210723,G11,Ionis1375651_3_P2.3-1,Ionis1375651_3uM_P2.3-1,0.6710982956011105,1.0
Rd2.3_P1+2_Total_20210723,G12,Ionis1375651_3_P2.3-1,Ionis1375651_3uM_P2.3-1,0.7803728351332423,1.0
Rd2.3_P1+2_Total_20210723,H10,Ionis1375651_3_P2.3-1,Ionis1375651_3uM_P2.3-1,0.6356317137856883,1.0
Rd2.3_P1+2_Total_20210723,H11,Ionis1375651_3_P2.3-1,Ionis1375651_3uM_P2.3-1,0.5482288590185849,1.0
Rd2.3_P1+2_Total_20210723,H12,Ionis1375651_3_P2.3-1,Ionis1375651_3uM_P2.3-1,0.5781511461623624,1.0
Rd2.3_P1+2_WT_20210723,G10,Ionis1375651_3_P2.3-1,Ionis1375651_3uM_P2.3-1,0.6023794057906428,1.0
Rd2.3_P1+2_WT_20210723,G11,Ionis1375651_3_P2.3-1,Ionis1375651_3uM_P2.3-1,0.6094276140965428,1.0
Rd2.3_P1+2_WT_20210723,G12,Ionis1375651_3_P2.3-1,Ionis1375651_3uM_P2.3-1,0.6470987288903338,1.0
Rd2.3_P1+2_WT_20210723,H10,Ionis1375651_3_P2.3-1,Ionis1375651_3uM_P2.3-1,0.5103257858417071,1.0
Rd2.3_P1+2_WT_20210723,H11,Ionis1375651_3_P2.3-1,Ionis1375651_3uM_P2.3-1,0.5828501904527867,1.0
Rd2.3_P1+2_WT_20210723,H12,Ionis1375651_3_P2.3-1,Ionis1375651_3uM_P2.3-1,0.4775890908414564,1.0
Rd2.3_P1+2_MT_20210723,G16,Ionis676630_3_P2.3-1,Ionis676630_3uM_P2.3-1,1.5356020957580818,1.0
Rd2.3_P1+2_MT_20210723,G17,Ionis676630_3_P2.3-1,Ionis676630_3uM_P2.3-1,1.4682255224071046,1.0
Rd2.3_P1+2_MT_20210723,G18,Ionis676630_3_P2.3-1,Ionis676630_3uM_P2.3-1,1.4831754271092914,1.0
Rd2.3_P1+2_MT_20210723,H16,Ionis676630_3_P2.3-1,Ionis676630_3uM_P2.3-1,1.1412095473268964,1.0
Rd2.3_P1+2_MT_20210723,H17,Ionis676630_3_P2.3-1,Ionis676630_3uM_P2.3-1,1.1081540252424913,1.0
Rd2.3_P1+2_MT_20210723,H18,Ionis676630_3_P2.3-1,Ionis676630_3uM_P2.3-1,1.1774301736245758,1.0
Rd2.3_P1+2_Total_20210723,H16,Ionis676630_3_P2.3-1,Ionis676630_3uM_P2.3-1,1.5410492335036812,1.0
Rd2.3_P1+2_Total_20210723,H17,Ionis676630_3_P2.3-1,Ionis676630_3uM_P2.3-1,1.4792926093088332,1.0
Rd2.3_P1+2_Total_20210723,H18,Ionis676630_3_P2.3-1,Ionis676630_3uM_P2.3-1,1.46291259353708,1.0
Rd2.3_P1+2_WT_20210723,G16,Ionis676630_3_P2.3-1,Ionis676630_3uM_P2.3-1,1.2282892107497243,1.0
Rd2.3_P1+2_WT_20210723,G17,Ionis676630_3_P2.3-1,Ionis676630_3uM_P2.3-1,1.218140602305705,1.0
Rd2.3_P1+2_WT_20210723,G18,Ionis676630_3_P2.3-1,Ionis676630_3uM_P2.3-1,1.294394793944624,1.0
Rd2.3_P1+2_WT_20210723,H16,Ionis676630_3_P2.3-1,Ionis676630_3uM_P2.3-1,1.1384821561443146,1.0
Rd2.3_P1+2_WT_20210723,H17,Ionis676630_3_P2.3-1,Ionis676630_3uM_P2.3-1,1.1579688705948037,1.0
Rd2.3_P1+2_WT_20210723,H18,Ionis676630_3_P2.3-1,Ionis676630_3uM_P2.3-1,1.1864120141114602,1.0
Rd2.3_P1+2_MT_20210723,O10,Ionis1375651_3_P2.3-2,Ionis1375651_3uM_P2.3-2,0.5693638777136597,2.0
Rd2.3_P1+2_MT_20210723,O11,Ionis1375651_3_P2.3-2,Ionis1375651_3uM_P2.3-2,0.5394034987710394,2.0
Rd2.3_P1+2_MT_20210723,O12,Ionis1375651_3_P2.3-2,Ionis1375651_3uM_P2.3-2,0.5721474630082242,2.0
Rd2.3_P1+2_MT_20210723,P10,Ionis1375651_3_P2.3-2,Ionis1375651_3uM_P2.3-2,0.4757260984423759,2.0
Rd2.3_P1+2_MT_20210723,P11,Ionis1375651_3_P2.3-2,Ionis1375651_3uM_P2.3-2,0.5388348973362247,2.0
Rd2.3_P1+2_MT_20210723,P12,Ionis1375651_3_P2.3-2,Ionis1375651_3uM_P2.3-2,0.4908431838525285,2.0
Rd2.3_P1+2_Total_20210723,O10,Ionis1375651_3_P2.3-2,Ionis1375651_3uM_P2.3-2,0.7789918839768507,2.0
Rd2.3_P1+2_Total_20210723,O11,Ionis1375651_3_P2.3-2,Ionis1375651_3uM_P2.3-2,0.768578684317085,2.0
Rd2.3_P1+2_Total_20210723,O12,Ionis1375651_3_P2.3-2,Ionis1375651_3uM_P2.3-2,0.7973067074559562,2.0
Rd2.3_P1+2_Total_20210723,P10,Ionis1375651_3_P2.3-2,Ionis1375651_3uM_P2.3-2,0.5753202166975223,2.0
Rd2.3_P1+2_Total_20210723,P11,Ionis1375651_3_P2.3-2,Ionis1375651_3uM_P2.3-2,0.6840476049348089,2.0
Rd2.3_P1+2_Total_20210723,P12,Ionis1375651_3_P2.3-2,Ionis1375651_3uM_P2.3-2,0.6250689055734928,2.0
Rd2.3_P1+2_WT_20210723,O10,Ionis1375651_3_P2.3-2,Ionis1375651_3uM_P2.3-2,0.6954431014062267,2.0
Rd2.3_P1+2_WT_20210723,O11,Ionis1375651_3_P2.3-2,Ionis1375651_3uM_P2.3-2,0.6635708805074191,2.0
Rd2.3_P1+2_WT_20210723,O12,Ionis1375651_3_P2.3-2,Ionis1375651_3uM_P2.3-2,0.6841418906510807,2.0
Rd2.3_P1+2_WT_20210723,P10,Ionis1375651_3_P2.3-2,Ionis1375651_3uM_P2.3-2,0.5722141655552306,2.0
Rd2.3_P1+2_WT_20210723,P11,Ionis1375651_3_P2.3-2,Ionis1375651_3uM_P2.3-2,0.5689717896250533,2.0
Rd2.3_P1+2_WT_20210723,P12,Ionis1375651_3_P2.3-2,Ionis1375651_3uM_P2.3-2,0.5461198592883245,2.0
Rd2.3_P1+2_MT_20210723,O16,Ionis676630_3_P2.3-2,Ionis676630_3uM_P2.3-2,1.0146045869011031,2.0
Rd2.3_P1+2_MT_20210723,O17,Ionis676630_3_P2.3-2,Ionis676630_3uM_P2.3-2,1.0087321679241474,2.0
Rd2.3_P1+2_MT_20210723,O18,Ionis676630_3_P2.3-2,Ionis676630_3uM_P2.3-2,1.058832916307442,2.0
Rd2.3_P1+2_MT_20210723,P16,Ionis676630_3_P2.3-2,Ionis676630_3uM_P2.3-2,0.7493575563458371,2.0
Rd2.3_P1+2_MT_20210723,P17,Ionis676630_3_P2.3-2,Ionis676630_3uM_P2.3-2,1.2580356937214623,2.0
Rd2.3_P1+2_Total_20210723,O16,Ionis676630_3_P2.3-2,Ionis676630_3uM_P2.3-2,1.217238700685058,2.0
Rd2.3_P1+2_Total_20210723,O17,Ionis676630_3_P2.3-2,Ionis676630_3uM_P2.3-2,1.4620271237757845,2.0
Rd2.3_P1+2_Total_20210723,O18,Ionis676630_3_P2.3-2,Ionis676630_3uM_P2.3-2,1.314403891354591,2.0
Rd2.3_P1+2_Total_20210723,P16,Ionis676630_3_P2.3-2,Ionis676630_3uM_P2.3-2,1.1910367285847925,2.0
Rd2.3_P1+2_Total_20210723,P17,Ionis676630_3_P2.3-2,Ionis676630_3uM_P2.3-2,1.2408728767252954,2.0
Rd2.3_P1+2_Total_20210723,P18,Ionis676630_3_P2.3-2,Ionis676630_3uM_P2.3-2,1.2976492271780988,2.0
Rd2.3_P1+2_WT_20210723,O16,Ionis676630_3_P2.3-2,Ionis676630_3uM_P2.3-2,1.1303138024523018,2.0
Rd2.3_P1+2_WT_20210723,O17,Ionis676630_3_P2.3-2,Ionis676630_3uM_P2.3-2,1.0690407991294453,2.0
Rd2.3_P1+2_WT_20210723,O18,Ionis676630_3_P2.3-2,Ionis676630_3uM_P2.3-2,1.107581292856689,2.0
Rd2.3_P1+2_WT_20210723,P16,Ionis676630_3_P2.3-2,Ionis676630_3uM_P2.3-2,1.0159058096186098,2.0
Rd2.3_P1+2_WT_20210723,P17,Ionis676630_3_P2.3-2,Ionis676630_3uM_P2.3-2,,2.0
Rd2.3_P1+2_WT_20210723,P18,Ionis676630_3_P2.3-2,Ionis676630_3uM_P2.3-2,1.1106094200458425,2.0
Rd2.3_P3+4_MT_20210726,G10,Ionis1375651_3_P2.3-3,Ionis1375651_3uM_P2.3-3,0.4513381657104059,3.0
Rd2.3_P3+4_MT_20210726,G11,Ionis1375651_3_P2.3-3,Ionis1375651_3uM_P2.3-3,0.4518286762628694,3.0
Rd2.3_P3+4_MT_20210726,G12,Ionis1375651_3_P2.3-3,Ionis1375651_3uM_P2.3-3,0.4434136624793056,3.0
Rd2.3_P3+4_MT_20210726,H10,Ionis1375651_3_P2.3-3,Ionis1375651_3uM_P2.3-3,0.3681324230133827,3.0
Rd2.3_P3+4_MT_20210726,H11,Ionis1375651_3_P2.3-3,Ionis1375651_3uM_P2.3-3,0.3606765179465013,3.0
Rd2.3_P3+4_MT_20210726,H12,Ionis1375651_3_P2.3-3,Ionis1375651_3uM_P2.3-3,0.3633319575169504,3.0
Rd2.3_P3+4_Total_20210726,G10,Ionis1375651_3_P2.3-3,Ionis1375651_3uM_P2.3-3,0.4770097130934259,3.0
Rd2.3_P3+4_Total_20210726,G11,Ionis1375651_3_P2.3-3,Ionis1375651_3uM_P2.3-3,0.4562154778230325,3.0
Rd2.3_P3+4_Total_20210726,G12,Ionis1375651_3_P2.3-3,Ionis1375651_3uM_P2.3-3,0.4773061155388715,3.0
Rd2.3_P3+4_Total_20210726,H10,Ionis1375651_3_P2.3-3,Ionis1375651_3uM_P2.3-3,0.2953645184895757,3.0
Rd2.3_P3+4_Total_20210726,H11,Ionis1375651_3_P2.3-3,Ionis1375651_3uM_P2.3-3,0.2620679720137431,3.0
Rd2.3_P3+4_Total_20210726,H12,Ionis1375651_3_P2.3-3,Ionis1375651_3uM_P2.3-3,0.3202071299264436,3.0
Rd2.3_P3+4_WT_20210726,G10,Ionis1375651_3_P2.3-3,Ionis1375651_3uM_P2.3-3,0.5192169177902116,3.0
Rd2.3_P3+4_WT_20210726,G11,Ionis1375651_3_P2.3-3,Ionis1375651_3uM_P2.3-3,0.4836182868963536,3.0
Rd2.3_P3+4_WT_20210726,G12,Ionis1375651_3_P2.3-3,Ionis1375651_3uM_P2.3-3,0.563345991193749,3.0
Rd2.3_P3+4_WT_20210726,H10,Ionis1375651_3_P2.3-3,Ionis1375651_3uM_P2.3-3,0.345195253008488,3.0
Rd2.3_P3+4_WT_20210726,H11,Ionis1375651_3_P2.3-3,Ionis1375651_3uM_P2.3-3,0.3997862415319763,3.0
Rd2.3_P3+4_WT_20210726,H12,Ionis1375651_3_P2.3-3,Ionis1375651_3uM_P2.3-3,0.32712456794156,3.0
Rd2.3_P3+4_MT_20210726,G16,Ionis676630_3_P2.3-3,Ionis676630_3uM_P2.3-3,1.1699312974221767,3.0
Rd2.3_P3+4_MT_20210726,G17,Ionis676630_3_P2.3-3,Ionis676630_3uM_P2.3-3,1.234490921471611,3.0
Rd2.3_P3+4_MT_20210726,G18,Ionis676630_3_P2.3-3,Ionis676630_3uM_P2.3-3,1.2546702901180935,3.0
Rd2.3_P3+4_MT_20210726,H16,Ionis676630_3_P2.3-3,Ionis676630_3uM_P2.3-3,0.8525445990638572,3.0
Rd2.3_P3+4_MT_20210726,H17,Ionis676630_3_P2.3-3,Ionis676630_3uM_P2.3-3,0.9378055974981506,3.0
Rd2.3_P3+4_MT_20210726,H18,Ionis676630_3_P2.3-3,Ionis676630_3uM_P2.3-3,0.9239024813775192,3.0
Rd2.3_P3+4_Total_20210726,G16,Ionis676630_3_P2.3-3,Ionis676630_3uM_P2.3-3,1.094464785745918,3.0
Rd2.3_P3+4_Total_20210726,G17,Ionis676630_3_P2.3-3,Ionis676630_3uM_P2.3-3,1.116964725622481,3.0
Rd2.3_P3+4_Total_20210726,G18,Ionis676630_3_P2.3-3,Ionis676630_3uM_P2.3-3,1.0706681380762266,3.0
Rd2.3_P3+4_Total_20210726,H16,Ionis676630_3_P2.3-3,Ionis676630_3uM_P2.3-3,0.9191008348894076,3.0
Rd2.3_P3+4_Total_20210726,H17,Ionis676630_3_P2.3-3,Ionis676630_3uM_P2.3-3,0.9217449912467442,3.0
Rd2.3_P3+4_Total_20210726,H18,Ionis676630_3_P2.3-3,Ionis676630_3uM_P2.3-3,0.7997176120543172,3.0
Rd2.3_P3+4_WT_20210726,G16,Ionis676630_3_P2.3-3,Ionis676630_3uM_P2.3-3,1.2245694908081477,3.0
Rd2.3_P3+4_WT_20210726,G17,Ionis676630_3_P2.3-3,Ionis676630_3uM_P2.3-3,1.2713477689484716,3.0
Rd2.3_P3+4_WT_20210726,G18,Ionis676630_3_P2.3-3,Ionis676630_3uM_P2.3-3,1.212058721827,3.0
Rd2.3_P3+4_WT_20210726,H16,Ionis676630_3_P2.3-3,Ionis676630_3uM_P2.3-3,1.045570133200282,3.0
Rd2.3_P3+4_WT_20210726,H17,Ionis676630_3_P2.3-3,Ionis676630_3uM_P2.3-3,0.949726176444774,3.0
Rd2.3_P3+4_WT_20210726,H18,Ionis676630_3_P2.3-3,Ionis676630_3uM_P2.3-3,1.0942498813558428,3.0
Rd2.3_P3+4_MT_20210726,O10,Ionis1375651_3_P2.3-4,Ionis1375651_3uM_P2.3-4,0.5223641510136705,4.0
Rd2.3_P3+4_MT_20210726,O11,Ionis1375651_3_P2.3-4,Ionis1375651_3uM_P2.3-4,0.4423609640083333,4.0
Rd2.3_P3+4_MT_20210726,O12,Ionis1375651_3_P2.3-4,Ionis1375651_3uM_P2.3-4,0.3872181178261193,4.0
Rd2.3_P3+4_MT_20210726,P10,Ionis1375651_3_P2.3-4,Ionis1375651_3uM_P2.3-4,0.3049019805756515,4.0
Rd2.3_P3+4_MT_20210726,P11,Ionis1375651_3_P2.3-4,Ionis1375651_3uM_P2.3-4,0.2472466070470771,4.0
Rd2.3_P3+4_MT_20210726,P12,Ionis1375651_3_P2.3-4,Ionis1375651_3uM_P2.3-4,0.2942736460317354,4.0
Rd2.3_P3+4_Total_20210726,O10,Ionis1375651_3_P2.3-4,Ionis1375651_3uM_P2.3-4,0.5739880435017143,4.0
Rd2.3_P3+4_Total_20210726,O11,Ionis1375651_3_P2.3-4,Ionis1375651_3uM_P2.3-4,0.56238867458337,4.0
Rd2.3_P3+4_Total_20210726,O12,Ionis1375651_3_P2.3-4,Ionis1375651_3uM_P2.3-4,0.6597847920186736,4.0
Rd2.3_P3+4_Total_20210726,P10,Ionis1375651_3_P2.3-4,Ionis1375651_3uM_P2.3-4,0.5823668946178494,4.0
Rd2.3_P3+4_Total_20210726,P11,Ionis1375651_3_P2.3-4,Ionis1375651_3uM_P2.3-4,0.2602604619211168,4.0
Rd2.3_P3+4_Total_20210726,P12,Ionis1375651_3_P2.3-4,Ionis1375651_3uM_P2.3-4,0.2496047822002145,4.0
Rd2.3_P3+4_WT_20210726,O10,Ionis1375651_3_P2.3-4,Ionis1375651_3uM_P2.3-4,0.68468164335984,4.0
Rd2.3_P3+4_WT_20210726,O11,Ionis1375651_3_P2.3-4,Ionis1375651_3uM_P2.3-4,0.5748432841736708,4.0
Rd2.3_P3+4_WT_20210726,O12,Ionis1375651_3_P2.3-4,Ionis1375651_3uM_P2.3-4,0.5341211373211149,4.0
Rd2.3_P3+4_WT_20210726,P10,Ionis1375651_3_P2.3-4,Ionis1375651_3uM_P2.3-4,0.4629624910475308,4.0
Rd2.3_P3+4_WT_20210726,P11,Ionis1375651_3_P2.3-4,Ionis1375651_3uM_P2.3-4,0.4798202408582083,4.0
Rd2.3_P3+4_WT_20210726,P12,Ionis1375651_3_P2.3-4,Ionis1375651_3uM_P2.3-4,0.5222685940505424,4.0
Rd2.3_P3+4_MT_20210726,O16,Ionis676630_3_P2.3-4,Ionis676630_3uM_P2.3-4,0.9732052747978182,4.0
Rd2.3_P3+4_MT_20210726,O17,Ionis676630_3_P2.3-4,Ionis676630_3uM_P2.3-4,1.0195278504525056,4.0
Rd2.3_P3+4_MT_20210726,O18,Ionis676630_3_P2.3-4,Ionis676630_3uM_P2.3-4,0.9469923601699772,4.0
Rd2.3_P3+4_MT_20210726,P16,Ionis676630_3_P2.3-4,Ionis676630_3uM_P2.3-4,1.1073991258242415,4.0
Rd2.3_P3+4_MT_20210726,P17,Ionis676630_3_P2.3-4,Ionis676630_3uM_P2.3-4,1.3184003838195544,4.0
Rd2.3_P3+4_MT_20210726,P18,Ionis676630_3_P2.3-4,Ionis676630_3uM_P2.3-4,1.1134473991076042,4.0
Rd2.3_P3+4_Total_20210726,O16,Ionis676630_3_P2.3-4,Ionis676630_3uM_P2.3-4,1.3853929676026566,4.0
Rd2.3_P3+4_Total_20210726,O17,Ionis676630_3_P2.3-4,Ionis676630_3uM_P2.3-4,1.3760974108476736,4.0
Rd2.3_P3+4_Total_20210726,O18,Ionis676630_3_P2.3-4,Ionis676630_3uM_P2.3-4,1.389263353974586,4.0
Rd2.3_P3+4_Total_20210726,P16,Ionis676630_3_P2.3-4,Ionis676630_3uM_P2.3-4,0.8635357044701284,4.0
Rd2.3_P3+4_Total_20210726,P17,Ionis676630_3_P2.3-4,Ionis676630_3uM_P2.3-4,0.8328845093524465,4.0
Rd2.3_P3+4_Total_20210726,P18,Ionis676630_3_P2.3-4,Ionis676630_3uM_P2.3-4,0.854126662149494,4.0
Rd2.3_P3+4_WT_20210726,O16,Ionis676630_3_P2.3-4,Ionis676630_3uM_P2.3-4,1.1100869122052186,4.0
Rd2.3_P3+4_WT_20210726,O17,Ionis676630_3_P2.3-4,Ionis676630_3uM_P2.3-4,1.1689133704815888,4.0
Rd2.3_P3+4_WT_20210726,O18,Ionis676630_3_P2.3-4,Ionis676630_3uM_P2.3-4,1.111097040212507,4.0
Rd2.3_P3+4_WT_20210726,P16,Ionis676630_3_P2.3-4,Ionis676630_3uM_P2.3-4,1.233311804297615,4.0
Rd2.3_P3+4_WT_20210726,P17,Ionis676630_3_P2.3-4,Ionis676630_3uM_P2.3-4,1.0947391130253643,4.0
Rd2.3_P3+4_WT_20210726,P18,Ionis676630_3_P2.3-4,Ionis676630_3uM_P2.3-4,1.0853442167578309,4.0
Rd2.3_P5+6_MT_20210726,G10,Ionis1375651_3_P2.3-5,Ionis1375651_3uM_P2.3-5,0.5955252728802611,5.0
Rd2.3_P5+6_MT_20210726,G11,Ionis1375651_3_P2.3-5,Ionis1375651_3uM_P2.3-5,0.5344961095157047,5.0
Rd2.3_P5+6_MT_20210726,G12,Ionis1375651_3_P2.3-5,Ionis1375651_3uM_P2.3-5,0.5815065331758996,5.0
Rd2.3_P5+6_MT_20210726,H10,Ionis1375651_3_P2.3-5,Ionis1375651_3uM_P2.3-5,0.4992860187228171,5.0
Rd2.3_P5+6_MT_20210726,H11,Ionis1375651_3_P2.3-5,Ionis1375651_3uM_P2.3-5,0.4785672488455765,5.0
Rd2.3_P5+6_MT_20210726,H12,Ionis1375651_3_P2.3-5,Ionis1375651_3uM_P2.3-5,0.5439321761048954,5.0
Rd2.3_P5+6_Total_20210726,G10,Ionis1375651_3_P2.3-5,Ionis1375651_3uM_P2.3-5,0.4691687288044385,5.0
Rd2.3_P5+6_Total_20210726,G11,Ionis1375651_3_P2.3-5,Ionis1375651_3uM_P2.3-5,0.5173594134663284,5.0
Rd2.3_P5+6_Total_20210726,G12,Ionis1375651_3_P2.3-5,Ionis1375651_3uM_P2.3-5,0.5032375795354832,5.0
Rd2.3_P5+6_Total_20210726,H10,Ionis1375651_3_P2.3-5,Ionis1375651_3uM_P2.3-5,0.4473020195611301,5.0
Rd2.3_P5+6_Total_20210726,H11,Ionis1375651_3_P2.3-5,Ionis1375651_3uM_P2.3-5,0.410107292930489,5.0
Rd2.3_P5+6_Total_20210726,H12,Ionis1375651_3_P2.3-5,Ionis1375651_3uM_P2.3-5,0.4470164233472538,5.0
Rd2.3_P5+6_WT_20210726,G10,Ionis1375651_3_P2.3-5,Ionis1375651_3uM_P2.3-5,,5.0
Rd2.3_P5+6_WT_20210726,G11,Ionis1375651_3_P2.3-5,Ionis1375651_3uM_P2.3-5,0.5025418571838385,5.0
Rd2.3_P5+6_WT_20210726,G12,Ionis1375651_3_P2.3-5,Ionis1375651_3uM_P2.3-5,0.4896004461025764,5.0
Rd2.3_P5+6_WT_20210726,H10,Ionis1375651_3_P2.3-5,Ionis1375651_3uM_P2.3-5,0.4632593169105045,5.0
Rd2.3_P5+6_WT_20210726,H11,Ionis1375651_3_P2.3-5,Ionis1375651_3uM_P2.3-5,0.5032422033638695,5.0
Rd2.3_P5+6_WT_20210726,H12,Ionis1375651_3_P2.3-5,Ionis1375651_3uM_P2.3-5,0.4872947740817551,5.0
Rd2.3_P5+6_MT_20210726,G16,Ionis676630_3_P2.3-5,Ionis676630_3uM_P2.3-5,1.0579342795660398,5.0
Rd2.3_P5+6_MT_20210726,G17,Ionis676630_3_P2.3-5,Ionis676630_3uM_P2.3-5,1.0509887227814847,5.0
Rd2.3_P5+6_MT_20210726,G18,Ionis676630_3_P2.3-5,Ionis676630_3uM_P2.3-5,0.9567401285746268,5.0
Rd2.3_P5+6_MT_20210726,H16,Ionis676630_3_P2.3-5,Ionis676630_3uM_P2.3-5,0.9958162254350416,5.0
Rd2.3_P5+6_MT_20210726,H17,Ionis676630_3_P2.3-5,Ionis676630_3uM_P2.3-5,0.9443727674105828,5.0
Rd2.3_P5+6_MT_20210726,H18,Ionis676630_3_P2.3-5,Ionis676630_3uM_P2.3-5,1.122057002149227,5.0
Rd2.3_P5+6_Total_20210726,G16,Ionis676630_3_P2.3-5,Ionis676630_3uM_P2.3-5,0.8291393260778663,5.0
Rd2.3_P5+6_Total_20210726,G17,Ionis676630_3_P2.3-5,Ionis676630_3uM_P2.3-5,,5.0
Rd2.3_P5+6_Total_20210726,G18,Ionis676630_3_P2.3-5,Ionis676630_3uM_P2.3-5,0.893694392080792,5.0
Rd2.3_P5+6_Total_20210726,H16,Ionis676630_3_P2.3-5,Ionis676630_3uM_P2.3-5,0.9664590796592364,5.0
Rd2.3_P5+6_Total_20210726,H17,Ionis676630_3_P2.3-5,Ionis676630_3uM_P2.3-5,0.9469481695252528,5.0
Rd2.3_P5+6_Total_20210726,H18,Ionis676630_3_P2.3-5,Ionis676630_3uM_P2.3-5,0.9589339294397342,5.0
Rd2.3_P5+6_WT_20210726,G16,Ionis676630_3_P2.3-5,Ionis676630_3uM_P2.3-5,0.9686222816542804,5.0
Rd2.3_P5+6_WT_20210726,G17,Ionis676630_3_P2.3-5,Ionis676630_3uM_P2.3-5,1.0171250412873485,5.0
Rd2.3_P5+6_WT_20210726,G18,Ionis676630_3_P2.3-5,Ionis676630_3uM_P2.3-5,0.9301259904579114,5.0
Rd2.3_P5+6_WT_20210726,H16,Ionis676630_3_P2.3-5,Ionis676630_3uM_P2.3-5,1.0122550525017648,5.0
Rd2.3_P5+6_WT_20210726,H17,Ionis676630_3_P2.3-5,Ionis676630_3uM_P2.3-5,0.9359646149743908,5.0
Rd2.3_P5+6_WT_20210726,H18,Ionis676630_3_P2.3-5,Ionis676630_3uM_P2.3-5,0.9713480750162472,5.0
Rd2.3_P5+6_MT_20210726,O10,Ionis1375651_3_P2.3-6,Ionis1375651_3uM_P2.3-6,0.5818186245474927,6.0
Rd2.3_P5+6_MT_20210726,O11,Ionis1375651_3_P2.3-6,Ionis1375651_3uM_P2.3-6,0.4960444117244302,6.0
Rd2.3_P5+6_MT_20210726,O12,Ionis1375651_3_P2.3-6,Ionis1375651_3uM_P2.3-6,0.4742598622099136,6.0
Rd2.3_P5+6_MT_20210726,P10,Ionis1375651_3_P2.3-6,Ionis1375651_3uM_P2.3-6,0.3096255184568104,6.0
Rd2.3_P5+6_MT_20210726,P11,Ionis1375651_3_P2.3-6,Ionis1375651_3uM_P2.3-6,0.3104160861669381,6.0
Rd2.3_P5+6_MT_20210726,P12,Ionis1375651_3_P2.3-6,Ionis1375651_3uM_P2.3-6,0.4120949953878299,6.0
Rd2.3_P5+6_Total_20210726,O10,Ionis1375651_3_P2.3-6,Ionis1375651_3uM_P2.3-6,0.4913583342749086,6.0
Rd2.3_P5+6_Total_20210726,O11,Ionis1375651_3_P2.3-6,Ionis1375651_3uM_P2.3-6,0.4742944932278869,6.0
Rd2.3_P5+6_Total_20210726,O12,Ionis1375651_3_P2.3-6,Ionis1375651_3uM_P2.3-6,0.5156974921733565,6.0
Rd2.3_P5+6_Total_20210726,P10,Ionis1375651_3_P2.3-6,Ionis1375651_3uM_P2.3-6,0.1655242399004197,6.0
Rd2.3_P5+6_Total_20210726,P11,Ionis1375651_3_P2.3-6,Ionis1375651_3uM_P2.3-6,0.1917575261600267,6.0
Rd2.3_P5+6_Total_20210726,P12,Ionis1375651_3_P2.3-6,Ionis1375651_3uM_P2.3-6,0.2317683578553843,6.0
Rd2.3_P5+6_WT_20210726,O10,Ionis1375651_3_P2.3-6,Ionis1375651_3uM_P2.3-6,0.466898448847969,6.0
Rd2.3_P5+6_WT_20210726,O11,Ionis1375651_3_P2.3-6,Ionis1375651_3uM_P2.3-6,,6.0
Rd2.3_P5+6_WT_20210726,O12,Ionis1375651_3_P2.3-6,Ionis1375651_3uM_P2.3-6,0.5723698593746875,6.0
Rd2.3_P5+6_WT_20210726,P10,Ionis1375651_3_P2.3-6,Ionis1375651_3uM_P2.3-6,0.3170874359549543,6.0
Rd2.3_P5+6_WT_20210726,P11,Ionis1375651_3_P2.3-6,Ionis1375651_3uM_P2.3-6,0.3658080602343805,6.0
Rd2.3_P5+6_WT_20210726,P12,Ionis1375651_3_P2.3-6,Ionis1375651_3uM_P2.3-6,0.3294961922812129,6.0
Rd2.3_P5+6_MT_20210726,O16,Ionis676630_3_P2.3-6,Ionis676630_3uM_P2.3-6,1.417489812902993,6.0
Rd2.3_P5+6_MT_20210726,O17,Ionis676630_3_P2.3-6,Ionis676630_3uM_P2.3-6,1.3086932065529786,6.0
Rd2.3_P5+6_MT_20210726,O18,Ionis676630_3_P2.3-6,Ionis676630_3uM_P2.3-6,1.3225679385460452,6.0
Rd2.3_P5+6_MT_20210726,P16,Ionis676630_3_P2.3-6,Ionis676630_3uM_P2.3-6,1.3622444929389292,6.0
Rd2.3_P5+6_MT_20210726,P17,Ionis676630_3_P2.3-6,Ionis676630_3uM_P2.3-6,0.7580895835170937,6.0
Rd2.3_P5+6_MT_20210726,P18,Ionis676630_3_P2.3-6,Ionis676630_3uM_P2.3-6,0.7628998950650806,6.0
Rd2.3_P5+6_Total_20210726,O16,Ionis676630_3_P2.3-6,Ionis676630_3uM_P2.3-6,1.3573856626759198,6.0
Rd2.3_P5+6_Total_20210726,O17,Ionis676630_3_P2.3-6,Ionis676630_3uM_P2.3-6,1.3965656730656602,6.0
Rd2.3_P5+6_Total_20210726,O18,Ionis676630_3_P2.3-6,Ionis676630_3uM_P2.3-6,1.3087889000199164,6.0
Rd2.3_P5+6_Total_20210726,P16,Ionis676630_3_P2.3-6,Ionis676630_3uM_P2.3-6,1.1538981465838811,6.0
Rd2.3_P5+6_Total_20210726,P17,Ionis676630_3_P2.3-6,Ionis676630_3uM_P2.3-6,0.9384652461262182,6.0
Rd2.3_P5+6_Total_20210726,P18,Ionis676630_3_P2.3-6,Ionis676630_3uM_P2.3-6,1.059492962728189,6.0
Rd2.3_P5+6_WT_20210726,O16,Ionis676630_3_P2.3-6,Ionis676630_3uM_P2.3-6,1.3089507534963054,6.0
Rd2.3_P5+6_WT_20210726,O17,Ionis676630_3_P2.3-6,Ionis676630_3uM_P2.3-6,1.256951399038747,6.0
Rd2.3_P5+6_WT_20210726,O18,Ionis676630_3_P2.3-6,Ionis676630_3uM_P2.3-6,1.2048018058519947,6.0
Rd2.3_P5+6_WT_20210726,P16,Ionis676630_3_P2.3-6,Ionis676630_3uM_P2.3-6,1.1127900043825727,6.0
Rd2.3_P5+6_WT_20210726,P17,Ionis676630_3_P2.3-6,Ionis676630_3uM_P2.3-6,0.770184010283564,6.0
Rd2.3_P5+6_WT_20210726,P18,Ionis676630_3_P2.3-6,Ionis676630_3uM_P2.3-6,0.7530977812383519,6.0
Rd2.3_P7+8_MT_20210726,G10,Ionis1375651_3_P2.3-7,Ionis1375651_3uM_P2.3-7,0.5685844941246756,7.0
Rd2.3_P7+8_MT_20210726,G11,Ionis1375651_3_P2.3-7,Ionis1375651_3uM_P2.3-7,0.6189869175041495,7.0
Rd2.3_P7+8_MT_20210726,G12,Ionis1375651_3_P2.3-7,Ionis1375651_3uM_P2.3-7,0.6548797187706705,7.0
Rd2.3_P7+8_MT_20210726,H10,Ionis1375651_3_P2.3-7,Ionis1375651_3uM_P2.3-7,0.5583654513601801,7.0
Rd2.3_P7+8_MT_20210726,H11,Ionis1375651_3_P2.3-7,Ionis1375651_3uM_P2.3-7,0.5701266807973224,7.0
Rd2.3_P7+8_MT_20210726,H12,Ionis1375651_3_P2.3-7,Ionis1375651_3uM_P2.3-7,0.6475246365489485,7.0
Rd2.3_P7+8_Total_20210726,G10,Ionis1375651_3_P2.3-7,Ionis1375651_3uM_P2.3-7,0.5322698596763324,7.0
Rd2.3_P7+8_Total_20210726,G11,Ionis1375651_3_P2.3-7,Ionis1375651_3uM_P2.3-7,0.5848145025499596,7.0
Rd2.3_P7+8_Total_20210726,G12,Ionis1375651_3_P2.3-7,Ionis1375651_3uM_P2.3-7,0.5221057866913349,7.0
Rd2.3_P7+8_Total_20210726,H10,Ionis1375651_3_P2.3-7,Ionis1375651_3uM_P2.3-7,0.5656692690658313,7.0
Rd2.3_P7+8_Total_20210726,H11,Ionis1375651_3_P2.3-7,Ionis1375651_3uM_P2.3-7,0.5193600563814091,7.0
Rd2.3_P7+8_Total_20210726,H12,Ionis1375651_3_P2.3-7,Ionis1375651_3uM_P2.3-7,0.4711598195840306,7.0
Rd2.3_P7+8_WT_20210726,G10,Ionis1375651_3_P2.3-7,Ionis1375651_3uM_P2.3-7,0.5663536582550348,7.0
Rd2.3_P7+8_WT_20210726,G11,Ionis1375651_3_P2.3-7,Ionis1375651_3uM_P2.3-7,0.5944542124498563,7.0
Rd2.3_P7+8_WT_20210726,G12,Ionis1375651_3_P2.3-7,Ionis1375651_3uM_P2.3-7,0.5180992244746647,7.0
Rd2.3_P7+8_WT_20210726,H10,Ionis1375651_3_P2.3-7,Ionis1375651_3uM_P2.3-7,0.5121882876195744,7.0
Rd2.3_P7+8_WT_20210726,H11,Ionis1375651_3_P2.3-7,Ionis1375651_3uM_P2.3-7,0.6467108984445711,7.0
Rd2.3_P7+8_WT_20210726,H12,Ionis1375651_3_P2.3-7,Ionis1375651_3uM_P2.3-7,0.6090097673953662,7.0
Rd2.3_P7+8_MT_20210726,G16,Ionis676630_3_P2.3-7,Ionis676630_3uM_P2.3-7,1.4065153072031464,7.0
Rd2.3_P7+8_MT_20210726,G17,Ionis676630_3_P2.3-7,Ionis676630_3uM_P2.3-7,1.3057062049211998,7.0
Rd2.3_P7+8_MT_20210726,G18,Ionis676630_3_P2.3-7,Ionis676630_3uM_P2.3-7,1.3240572371017951,7.0
Rd2.3_P7+8_MT_20210726,H16,Ionis676630_3_P2.3-7,Ionis676630_3uM_P2.3-7,0.9158164405551834,7.0
Rd2.3_P7+8_MT_20210726,H17,Ionis676630_3_P2.3-7,Ionis676630_3uM_P2.3-7,0.8450761764114834,7.0
Rd2.3_P7+8_MT_20210726,H18,Ionis676630_3_P2.3-7,Ionis676630_3uM_P2.3-7,0.9200867430661014,7.0
Rd2.3_P7+8_Total_20210726,G16,Ionis676630_3_P2.3-7,Ionis676630_3uM_P2.3-7,1.4230404726436818,7.0
Rd2.3_P7+8_Total_20210726,G17,Ionis676630_3_P2.3-7,Ionis676630_3uM_P2.3-7,1.4173787371662565,7.0
Rd2.3_P7+8_Total_20210726,G18,Ionis676630_3_P2.3-7,Ionis676630_3uM_P2.3-7,1.444966376921471,7.0
Rd2.3_P7+8_Total_20210726,H16,Ionis676630_3_P2.3-7,Ionis676630_3uM_P2.3-7,0.7449399973836942,7.0
Rd2.3_P7+8_Total_20210726,H17,Ionis676630_3_P2.3-7,Ionis676630_3uM_P2.3-7,0.830481921006598,7.0
Rd2.3_P7+8_Total_20210726,H18,Ionis676630_3_P2.3-7,Ionis676630_3uM_P2.3-7,0.8139905550574401,7.0
Rd2.3_P7+8_WT_20210726,G16,Ionis676630_3_P2.3-7,Ionis676630_3uM_P2.3-7,1.229304839615496,7.0
Rd2.3_P7+8_WT_20210726,G17,Ionis676630_3_P2.3-7,Ionis676630_3uM_P2.3-7,1.2923847463818725,7.0
Rd2.3_P7+8_WT_20210726,G18,Ionis676630_3_P2.3-7,Ionis676630_3uM_P2.3-7,1.3141054874501723,7.0
Rd2.3_P7+8_WT_20210726,H16,Ionis676630_3_P2.3-7,Ionis676630_3uM_P2.3-7,0.7723092646613313,7.0
Rd2.3_P7+8_WT_20210726,H17,Ionis676630_3_P2.3-7,Ionis676630_3uM_P2.3-7,0.8554067890004686,7.0
Rd2.3_P7+8_WT_20210726,H18,Ionis676630_3_P2.3-7,Ionis676630_3uM_P2.3-7,1.4640720499630782,7.0
Rd2.3_P7+8_MT_20210726,O10,Ionis1375651_3_P2.3-8,Ionis1375651_3uM_P2.3-8,0.3057616868163181,8.0
Rd2.3_P7+8_MT_20210726,O11,Ionis1375651_3_P2.3-8,Ionis1375651_3uM_P2.3-8,0.4455294117794903,8.0
Rd2.3_P7+8_MT_20210726,O12,Ionis1375651_3_P2.3-8,Ionis1375651_3uM_P2.3-8,0.4304120709389597,8.0
Rd2.3_P7+8_MT_20210726,P10,Ionis1375651_3_P2.3-8,Ionis1375651_3uM_P2.3-8,0.6592283555108372,8.0
Rd2.3_P7+8_MT_20210726,P11,Ionis1375651_3_P2.3-8,Ionis1375651_3uM_P2.3-8,0.6408585922015648,8.0
Rd2.3_P7+8_MT_20210726,P12,Ionis1375651_3_P2.3-8,Ionis1375651_3uM_P2.3-8,0.5204874823023702,8.0
Rd2.3_P7+8_Total_20210726,O10,Ionis1375651_3_P2.3-8,Ionis1375651_3uM_P2.3-8,0.7256152588939718,8.0
Rd2.3_P7+8_Total_20210726,O11,Ionis1375651_3_P2.3-8,Ionis1375651_3uM_P2.3-8,0.6592022125428564,8.0
Rd2.3_P7+8_Total_20210726,O12,Ionis1375651_3_P2.3-8,Ionis1375651_3uM_P2.3-8,0.6101480270055692,8.0
Rd2.3_P7+8_Total_20210726,P10,Ionis1375651_3_P2.3-8,Ionis1375651_3uM_P2.3-8,0.6608662303968762,8.0
Rd2.3_P7+8_Total_20210726,P11,Ionis1375651_3_P2.3-8,Ionis1375651_3uM_P2.3-8,0.6197713246643308,8.0
Rd2.3_P7+8_Total_20210726,P12,Ionis1375651_3_P2.3-8,Ionis1375651_3uM_P2.3-8,0.6375331160969606,8.0
Rd2.3_P7+8_WT_20210726,O10,Ionis1375651_3_P2.3-8,Ionis1375651_3uM_P2.3-8,0.4121026616539153,8.0
Rd2.3_P7+8_WT_20210726,O11,Ionis1375651_3_P2.3-8,Ionis1375651_3uM_P2.3-8,0.4388313353151457,8.0
Rd2.3_P7+8_WT_20210726,O12,Ionis1375651_3_P2.3-8,Ionis1375651_3uM_P2.3-8,0.5215711513399924,8.0
Rd2.3_P7+8_WT_20210726,P10,Ionis1375651_3_P2.3-8,Ionis1375651_3uM_P2.3-8,0.7303787443810835,8.0
Rd2.3_P7+8_WT_20210726,P11,Ionis1375651_3_P2.3-8,Ionis1375651_3uM_P2.3-8,0.6375140090080067,8.0
Rd2.3_P7+8_WT_20210726,P12,Ionis1375651_3_P2.3-8,Ionis1375651_3uM_P2.3-8,0.6418991260489355,8.0
Rd2.3_P7+8_MT_20210726,O16,Ionis676630_3_P2.3-8,Ionis676630_3uM_P2.3-8,1.129573734392847,8.0
Rd2.3_P7+8_MT_20210726,O17,Ionis676630_3_P2.3-8,Ionis676630_3uM_P2.3-8,1.0971723832805669,8.0
Rd2.3_P7+8_MT_20210726,O18,Ionis676630_3_P2.3-8,Ionis676630_3uM_P2.3-8,1.2121800686656614,8.0
Rd2.3_P7+8_MT_20210726,P16,Ionis676630_3_P2.3-8,Ionis676630_3uM_P2.3-8,1.0194861589582624,8.0
Rd2.3_P7+8_MT_20210726,P17,Ionis676630_3_P2.3-8,Ionis676630_3uM_P2.3-8,0.9897239431004892,8.0
Rd2.3_P7+8_MT_20210726,P18,Ionis676630_3_P2.3-8,Ionis676630_3uM_P2.3-8,1.0567846001030985,8.0
Rd2.3_P7+8_Total_20210726,O16,Ionis676630_3_P2.3-8,Ionis676630_3uM_P2.3-8,1.135270044382768,8.0
Rd2.3_P7+8_Total_20210726,O17,Ionis676630_3_P2.3-8,Ionis676630_3uM_P2.3-8,1.285723625067695,8.0
Rd2.3_P7+8_Total_20210726,O18,Ionis676630_3_P2.3-8,Ionis676630_3uM_P2.3-8,1.2421240623514718,8.0
Rd2.3_P7+8_Total_20210726,P16,Ionis676630_3_P2.3-8,Ionis676630_3uM_P2.3-8,0.9729592627693808,8.0
Rd2.3_P7+8_Total_20210726,P17,Ionis676630_3_P2.3-8,Ionis676630_3uM_P2.3-8,0.8906173207954349,8.0
Rd2.3_P7+8_Total_20210726,P18,Ionis676630_3_P2.3-8,Ionis676630_3uM_P2.3-8,0.8936288519527058,8.0
Rd2.3_P7+8_WT_20210726,O16,Ionis676630_3_P2.3-8,Ionis676630_3uM_P2.3-8,1.1509214613952026,8.0
Rd2.3_P7+8_WT_20210726,O17,Ionis676630_3_P2.3-8,Ionis676630_3uM_P2.3-8,1.2373627567037753,8.0
Rd2.3_P7+8_WT_20210726,O18,Ionis676630_3_P2.3-8,Ionis676630_3uM_P2.3-8,1.3252514517025815,8.0
Rd2.3_P7+8_WT_20210726,P16,Ionis676630_3_P2.3-8,Ionis676630_3uM_P2.3-8,1.2060738173021086,8.0
Rd2.3_P7+8_WT_20210726,P17,Ionis676630_3_P2.3-8,Ionis676630_3uM_P2.3-8,,8.0
Rd2.3_P7+8_WT_20210726,P18,Ionis676630_3_P2.3-8,Ionis676630_3uM_P2.3-8,1.2049532918385988,8.0
Rd2.3_P9_MT_20210726,G10,Ionis1375651_3_P9,Ionis1375651_3uM_P2.3-9,0.4532959591752047,9.0
Rd2.3_P9_MT_20210726,G11,Ionis1375651_3_P9,Ionis1375651_3uM_P2.3-9,0.5045647918433662,9.0
Rd2.3_P9_MT_20210726,G12,Ionis1375651_3_P9,Ionis1375651_3uM_P2.3-9,0.4544969209231644,9.0
Rd2.3_P9_MT_20210726,H10,Ionis1375651_3_P9,Ionis1375651_3uM_P2.3-9,0.5037473145173116,9.0
Rd2.3_P9_MT_20210726,H11,Ionis1375651_3_P9,Ionis1375651_3uM_P2.3-9,0.5189899974510219,9.0
Rd2.3_P9_MT_20210726,H12,Ionis1375651_3_P9,Ionis1375651_3uM_P2.3-9,0.6013707704628338,9.0
Rd2.3_P9_WT_20210726,O10,Ionis1375651_3_P9,Ionis1375651_3uM_P2.3-9,0.5067283544009,9.0
Rd2.3_P9_WT_20210726,O11,Ionis1375651_3_P9,Ionis1375651_3uM_P2.3-9,0.455455949877106,9.0
Rd2.3_P9_WT_20210726,O12,Ionis1375651_3_P9,Ionis1375651_3uM_P2.3-9,0.472883197329952,9.0
Rd2.3_P9_WT_20210726,P10,Ionis1375651_3_P9,Ionis1375651_3uM_P2.3-9,0.7160532725323219,9.0
Rd2.3_P9_WT_20210726,P11,Ionis1375651_3_P9,Ionis1375651_3uM_P2.3-9,0.673733015808255,9.0
Rd2.3_P9_WT_20210726,P12,Ionis1375651_3_P9,Ionis1375651_3uM_P2.3-9,0.7521373993109229,9.0
Rd2.3_P9_Total_20210726,G10,Ionis1375651_3_P9_Total,Ionis1375651_3uM_P2.3-9,0.511132432573593,9.0
Rd2.3_P9_Total_20210726,G11,Ionis1375651_3_P9_Total,Ionis1375651_3uM_P2.3-9,0.4974048186523711,9.0
Rd2.3_P9_Total_20210726,G12,Ionis1375651_3_P9_Total,Ionis1375651_3uM_P2.3-9,0.4914765753384049,9.0
Rd2.3_P9_Total_20210726,H10,Ionis1375651_3_P9_Total,Ionis1375651_3uM_P2.3-9,0.5850513103317726,9.0
Rd2.3_P9_Total_20210726,H11,Ionis1375651_3_P9_Total,Ionis1375651_3uM_P2.3-9,0.5407520776836708,9.0
Rd2.3_P9_Total_20210726,H12,Ionis1375651_3_P9_Total,Ionis1375651_3uM_P2.3-9,0.6168694049401682,9.0
Rd2.3_P9_MT_20210726,G16,Ionis676630_3_P9,Ionis676630_3uM_P2.3-9,0.9221949059953616,9.0
Rd2.3_P9_MT_20210726,G17,Ionis676630_3_P9,Ionis676630_3uM_P2.3-9,1.0518617086565922,9.0
Rd2.3_P9_MT_20210726,G18,Ionis676630_3_P9,Ionis676630_3uM_P2.3-9,0.9501993597399936,9.0
Rd2.3_P9_MT_20210726,H16,Ionis676630_3_P9,Ionis676630_3uM_P2.3-9,0.9610581992738806,9.0
Rd2.3_P9_MT_20210726,H17,Ionis676630_3_P9,Ionis676630_3uM_P2.3-9,1.0820770259156176,9.0
Rd2.3_P9_MT_20210726,H18,Ionis676630_3_P9,Ionis676630_3uM_P2.3-9,1.1614034008946594,9.0
Rd2.3_P9_WT_20210726,O16,Ionis676630_3_P9,Ionis676630_3uM_P2.3-9,0.901391550362283,9.0
Rd2.3_P9_WT_20210726,O17,Ionis676630_3_P9,Ionis676630_3uM_P2.3-9,1.186120124474589,9.0
Rd2.3_P9_WT_20210726,O18,Ionis676630_3_P9,Ionis676630_3uM_P2.3-9,1.118789564618416,9.0
Rd2.3_P9_WT_20210726,P16,Ionis676630_3_P9,Ionis676630_3uM_P2.3-9,0.8293911765735404,9.0
Rd2.3_P9_WT_20210726,P17,Ionis676630_3_P9,Ionis676630_3uM_P2.3-9,0.9602205722167028,9.0
Rd2.3_P9_WT_20210726,P18,Ionis676630_3_P9,Ionis676630_3uM_P2.3-9,1.0380358229442714,9.0
Rd2.3_P9_Total_20210726,G16,Ionis676630_3_P9_Total,Ionis676630_3uM_P2.3-9,1.3037260749023756,9.0
Rd2.3_P9_Total_20210726,G17,Ionis676630_3_P9_Total,Ionis676630_3uM_P2.3-9,1.2600752803310609,9.0
Rd2.3_P9_Total_20210726,G18,Ionis676630_3_P9_Total,Ionis676630_3uM_P2.3-9,1.3015982110503597,9.0
Rd2.3_P9_Total_20210726,H16,Ionis676630_3_P9_Total,Ionis676630_3uM_P2.3-9,1.2587054107374622,9.0
Rd2.3_P9_Total_20210726,H17,Ionis676630_3_P9_Total,Ionis676630_3uM_P2.3-9,0.7693186762555063,9.0
Rd2.3_P9_Total_20210726,H18,Ionis676630_3_P9_Total,Ionis676630_3uM_P2.3-9,0.8729706773087228,9.0
