Experiment Name,Position,SampleName,ASO Short Description ,CrossingPoint,CrossingPoint.1,dCt,Unnamed: 7,Avg,SD,ddCt,Avg_ddCt,Exp
ASO433-456_WT_20210622,O1,Naïve_P38,Naïve_P38,28.9180267164297,21.3366320464625,7.5813946699671995,,,,-0.6246312895432347,-0.6125062027855002,1.5289128809630932
ASO433-456_WT_20210622,O2,Naïve_P38,Naïve_P38,28.9693190158218,21.3361599927424,7.633159023079401,,,,-0.5728669364310335,,
ASO433-456_WT_20210622,O3,Naïve_P38,Naïve_P38,28.9598214689772,21.393815891849,7.566005577128202,,,,-0.6400203823822324,,
ASO433-456_WT_20210622,O4,Naïve_P38,Naïve_P38,28.9625096746325,21.1952350944529,7.767274580179599,,,,-0.4387513793308351,-0.4442098724634344,1.3605687633583132
ASO433-456_WT_20210622,O5,Naïve_P38,Naïve_P38,28.8717917385319,21.2015944244575,7.6701973140744,,,,-0.5358286454360339,,
ASO433-456_WT_20210622,O6,Naïve_P38,Naïve_P38,29.1410187633362,21.2930423964492,7.847976366887,,,,-0.35804959262343417,,
ASO433-456_WT_20210622,O7,Naïve_P38,Naïve_P38,29.0319216037047,21.5597123151157,7.472209288588999,,,,-0.7338166709214349,-0.7284441672873344,1.656851344449869
ASO433-456_WT_20210622,O8,Naïve_P38,Naïve_P38,29.0401818435809,21.5626145394571,7.477567304123799,,,,-0.7284586553866355,,
ASO433-456_WT_20210622,O9,Naïve_P38,Naïve_P38,29.13160092101,21.6486321370535,7.482968783956501,,,,-0.723057175553933,,
ASO433-456_WT_20210622,P1,Naïve_P38,Naïve_P38,29.2003113330809,21.4352957079309,7.765015625149999,,,,-0.4410103343604348,-0.5319155183078692,1.44584762576477
ASO433-456_WT_20210622,P2,Naïve_P38,Naïve_P38,29.1216336497967,21.5304938571739,7.591139792622798,,,,-0.6148861668876364,,
ASO433-456_WT_20210622,P3,Naïve_P38,Naïve_P38,29.2370466870863,21.5708707812514,7.666175905834898,,,,-0.5398500536755364,,
ASO433-456_WT_20210622,P4,Naïve_P38,Naïve_P38,28.9741946489059,21.3058294151369,7.668365233769002,,,,-0.5376607257414321,-0.5888657946781315,1.5040638307861351
ASO433-456_WT_20210622,P5,Naïve_P38,Naïve_P38,28.9099076776193,21.2975017540679,7.612405923551403,,,,-0.5936200359590309,,
ASO433-456_WT_20210622,P6,Naïve_P38,Naïve_P38,28.9674691992669,21.3967598620904,7.570709337176503,,,,-0.6353166223339315,,
ASO433-456_WT_20210622,P7,Naïve_P38,Naïve_P38,29.1774499912065,21.6881617029577,7.489288288248801,,,,-0.7167376712616331,-0.7342298053668657,1.6635091542602416
ASO433-456_WT_20210622,P8,Naïve_P38,Naïve_P38,29.1210398258521,21.6560291019097,7.465010723942402,,,,-0.7410152355680317,,
ASO433-456_WT_20210622,P9,Naïve_P38,Naïve_P38,29.2427391276501,21.7816496774106,7.461089450239502,,,,-0.7449365092709321,,
ASO433-456_WT_20210622,O10,Ionis1375651_10_P38,Ionis1375651_10uM_P38,36.8322141707919,25.6113890044426,11.2208251663493,,,,3.014799206838866,2.801946173527264,0.143393727900824
ASO433-456_WT_20210622,O11,Ionis1375651_10_P38,Ionis1375651_10uM_P38,36.8464613845511,25.6030391466521,11.243422237898997,,,,3.037396278388563,,
ASO433-456_WT_20210622,O12,Ionis1375651_10_P38,Ionis1375651_10uM_P38,36.2326358463462,25.6729668514814,10.559668994864797,,,,2.353643035354363,,
ASO433-456_WT_20210622,P10,Ionis1375651_10_P38,Ionis1375651_10uM_P38,38.3456841540914,27.2900551390094,11.055629015082001,,,,2.849603055571567,2.9626577782999006,0.1282776933108962
ASO433-456_WT_20210622,P11,Ionis1375651_10_P38,Ionis1375651_10uM_P38,40.0,27.3210281105954,12.6789718894046,,,,4.472945929894166,,
ASO433-456_WT_20210622,P12,Ionis1375651_10_P38,Ionis1375651_10uM_P38,37.2525503660717,27.4811000571273,9.771450308944402,,,,1.5654243494339681,,
ASO433-456_WT_20210622,O13,Ionis1375651_3_P38,Ionis1375651_3uM_P38,33.0374081810218,24.4762937011092,8.561114479912604,,,,0.35508852040216965,0.3963815911308674,0.7597614456189231
ASO433-456_WT_20210622,O14,Ionis1375651_3_P38,Ionis1375651_3uM_P38,33.042023558009,24.5009869080503,8.541036649958698,,,,0.33501069044826437,,
ASO433-456_WT_20210622,O15,Ionis1375651_3_P38,Ionis1375651_3uM_P38,33.252639337353,24.5475678153004,8.705071522052602,,,,0.49904556254216814,,
ASO433-456_WT_20210622,P13,Ionis1375651_3_P38,Ionis1375651_3uM_P38,35.069732815448,25.2492372933165,9.820495522131498,,,,1.6144695626210641,1.638614371591532,0.3211647872376392
ASO433-456_WT_20210622,P14,Ionis1375651_3_P38,Ionis1375651_3uM_P38,34.6778038700853,25.2867161442499,9.391087725835398,,,,1.1850617663249636,,
ASO433-456_WT_20210622,P15,Ionis1375651_3_P38,Ionis1375651_3uM_P38,35.68418681856,25.361849073221,10.322337745339002,,,,2.116311785828568,,
ASO433-456_WT_20210622,O16,Ionis676630_10_P38,Ionis676630_10uM_P38,33.8205194440372,25.5814523029191,8.239067141118102,8.2430625087812,8.206025959510434,0.052377590282218285,0.033041181607668335,0.03703654927076627,0.9746549386471823
ASO433-456_WT_20210622,O17,Ionis676630_10_P38,Ionis676630_10uM_P38,33.698866136654,25.6056971918104,8.093168944843598,,,,-0.11285701466683662,,
ASO433-456_WT_20210622,O18,Ionis676630_10_P38,Ionis676630_10uM_P38,34.0233319230678,25.6263804826859,8.396951440381901,,,,0.1909254808714671,,
ASO433-456_WT_20210622,P16,Ionis676630_10_P38,Ionis676630_10uM_P38,34.7735974960006,27.257143881997,7.5164536140035985,8.168989410239666,,,-0.6895723455068357,-0.03703654927076864,1.026004137821328
ASO433-456_WT_20210622,P17,Ionis676630_10_P38,Ionis676630_10uM_P38,35.3807019735418,27.1386675279113,8.242034445630498,,,,0.03600848612006402,,
ASO433-456_WT_20210622,P18,Ionis676630_10_P38,Ionis676630_10uM_P38,35.9920179934671,27.2435378223822,8.7484801710849,,,,0.5424542115744657,,
ASO433-456_WT_20210622,I1,ASO445_10,KQ2025_L20_5-10-5_10uM_P38,34.1311330974756,25.2648651922196,8.866267905255999,,,,0.6602419457455646,0.518628244633001,0.6980352294331846
ASO433-456_WT_20210622,I2,ASO445_10,KQ2025_L20_5-10-5_10uM_P38,34.2012101387212,25.3275354433003,8.873674695420902,,,,0.6676487359104684,,
ASO433-456_WT_20210622,I3,ASO445_10,KQ2025_L20_5-10-5_10uM_P38,33.7632167797366,25.3291967679832,8.434020011753404,,,,0.22799405224296976,,
ASO433-456_WT_20210622,I4,ASO445_10,KQ2025_L20_5-10-5_10uM_P38,34.1808372850815,24.9900154235546,9.190821861526903,,,,0.9847959020164687,0.621512240943634,0.649989248178198
ASO433-456_WT_20210622,I5,ASO445_10,KQ2025_L20_5-10-5_10uM_P38,33.7721265584753,24.9761557638673,8.795970794608,,,,0.5899448350975653,,
ASO433-456_WT_20210622,I6,ASO445_10,KQ2025_L20_5-10-5_10uM_P38,33.5083456573208,25.0125237120935,8.495821945227302,,,,0.28979598571686793,,
ASO433-456_WT_20210622,I7,ASO445_3,KQ2025_L20_5-10-5_3uM_P38,32.5393373595234,23.9724412178252,8.566896141698201,,,,0.36087018218776734,0.524528383764198,0.695186328818654
ASO433-456_WT_20210622,I8,ASO445_3,KQ2025_L20_5-10-5_3uM_P38,32.6706868956585,23.9417994161744,8.728887479484097,,,,0.522861519973663,,
ASO433-456_WT_20210622,I9,ASO445_3,KQ2025_L20_5-10-5_3uM_P38,32.8879243977692,23.9920449891276,8.895879408641598,,,,0.6898534491311636,,
ASO433-456_WT_20210622,I10,ASO445_3,KQ2025_L20_5-10-5_3uM_P38,32.5790265823031,23.4120812503469,9.1669453319562,,,,0.9609193724457654,0.9668979614371658,0.5116049182483504
ASO433-456_WT_20210622,I11,ASO445_3,KQ2025_L20_5-10-5_3uM_P38,32.6080676946816,23.3458842326519,9.2621834620297,,,,1.056157502519266,,
ASO433-456_WT_20210622,I12,ASO445_3,KQ2025_L20_5-10-5_3uM_P38,32.5042517455675,23.4146087767106,9.0896429688569,,,,0.8836170093464659,,
ASO433-456_WT_20210622,J1,ASO446_10,KQ2026_L21_6-10-5_10uM_P38,34.548148562529,26.6505259554578,7.897622607071202,,,,-0.3084033524392318,-0.06782199330966539,1.048133143802749
ASO433-456_WT_20210622,J2,ASO446_10,KQ2026_L21_6-10-5_10uM_P38,34.7539555712055,26.628854777237,8.125100793968503,,,,-0.08092516554193097,,
ASO433-456_WT_20210622,J3,ASO446_10,KQ2026_L21_6-10-5_10uM_P38,35.0830456309576,26.691157133395,8.3918884975626,,,,0.18586253805216657,,
ASO433-456_WT_20210622,J4,ASO446_10,KQ2026_L21_6-10-5_10uM_P38,35.5485705459493,27.1968510206454,8.351719525303903,,,,0.1456935657934686,0.7812516912937681,0.5818617472628397
ASO433-456_WT_20210622,J5,ASO446_10,KQ2026_L21_6-10-5_10uM_P38,35.8299622505271,27.1402349388497,8.689727311677402,,,,0.4837013521669675,,
ASO433-456_WT_20210622,J6,ASO446_10,KQ2026_L21_6-10-5_10uM_P38,36.9965058886848,27.0761197732535,9.920386115431302,,,,1.7143601559208683,,
ASO433-456_WT_20210622,J7,ASO446_3,KQ2026_L21_6-10-5_3uM_P38,33.6775241987186,24.0989368613284,9.5785873373902,,,,1.3725613778797658,1.3657988122533642,0.38801953374382275
ASO433-456_WT_20210622,J8,ASO446_3,KQ2026_L21_6-10-5_3uM_P38,33.6170252039669,24.0795706074007,9.537454596566196,,,,1.3314286370557618,,
ASO433-456_WT_20210622,J9,ASO446_3,KQ2026_L21_6-10-5_3uM_P38,33.7299813562799,24.1305489749449,9.599432381335,,,,1.3934064218245652,,
ASO433-456_WT_20210622,J10,ASO446_3,KQ2026_L21_6-10-5_3uM_P38,33.7912706147085,24.0902076454157,9.701062969292803,,,,1.4950370097823686,1.5450155675625308,0.3426920033685047
ASO433-456_WT_20210622,J11,ASO446_3,KQ2026_L21_6-10-5_3uM_P38,33.7840744733946,24.0738326659262,9.710241807468396,,,,1.504215847957962,,
ASO433-456_WT_20210622,J12,ASO446_3,KQ2026_L21_6-10-5_3uM_P38,33.967529869751,24.1257100652933,9.841819804457696,,,,1.635793844947262,,
ASO433-456_WT_20210622,K1,ASO447_10,KQ2027_L21_6-10-5_10uM_P38,33.7201007244935,25.8448061101109,7.8752946143826,,,,-0.330731345127834,-0.06759658400820001,1.047969394363479
ASO433-456_WT_20210622,K2,ASO447_10,KQ2027_L21_6-10-5_10uM_P38,33.7979261030582,25.9597396551282,7.838186447930003,,,,-0.3678395115804314,,
ASO433-456_WT_20210622,K3,ASO447_10,KQ2027_L21_6-10-5_10uM_P38,34.648748482422,25.9469414182279,8.7018070641941,,,,0.4957811046836653,,
ASO433-456_WT_20210622,K4,ASO447_10,KQ2027_L21_6-10-5_10uM_P38,34.26314757748,25.0580771705141,9.205070406965898,,,,0.9990444474554643,0.33840718638963097,0.790914042023909
ASO433-456_WT_20210622,K5,ASO447_10,KQ2027_L21_6-10-5_10uM_P38,33.8103147400525,25.705002117168,8.105312622884497,,,,-0.10071333662593673,,
ASO433-456_WT_20210622,K6,ASO447_10,KQ2027_L21_6-10-5_10uM_P38,34.0785596671736,25.7556432593238,8.3229164078498,,,,0.11689044833936535,,
ASO433-456_WT_20210622,K7,ASO447_3,KQ2027_L21_6-10-5_3uM_P38,32.368924093049,23.3776954375673,8.991228655481702,,,,0.7852026959712681,0.7199040824207673,0.6071378064125245
ASO433-456_WT_20210622,K8,ASO447_3,KQ2027_L21_6-10-5_3uM_P38,32.0857982383257,23.3696318433133,8.7161663950124,,,,0.5101404355019667,,
ASO433-456_WT_20210622,K9,ASO447_3,KQ2027_L21_6-10-5_3uM_P38,32.4955665521001,23.4251714768006,9.070395075299501,,,,0.8643691157890672,,
ASO433-456_WT_20210622,K10,ASO447_3,KQ2027_L21_6-10-5_3uM_P38,32.8713571830869,23.6698501752445,9.201507007842402,,,,0.9954810483319676,1.1168856222777659,0.46108811284753937
ASO433-456_WT_20210622,K11,ASO447_3,KQ2027_L21_6-10-5_3uM_P38,33.0259598978485,23.6628499542061,9.363109943642403,,,,1.157083984131969,,
ASO433-456_WT_20210622,K12,ASO447_3,KQ2027_L21_6-10-5_3uM_P38,33.0724498472979,23.6683320534181,9.404117793879795,,,,1.198091834369361,,
ASO433-456_WT_20210622,L1,ASO448_10,KQ2028_L21_6-10-5_10uM_P38,34.0197170413052,25.2332372000597,8.786479841245498,,,,0.580453881735064,0.6663332290929999,0.6301061390783973
ASO433-456_WT_20210622,L2,ASO448_10,KQ2028_L21_6-10-5_10uM_P38,34.2817095706727,25.2514674951215,9.030242075551204,,,,0.8242161160407697,,
ASO433-456_WT_20210622,L3,ASO448_10,KQ2028_L21_6-10-5_10uM_P38,34.0998918869579,25.2995362379443,8.8003556490136,,,,0.5943296895031658,,
ASO433-456_WT_20210622,L4,ASO448_10,KQ2028_L21_6-10-5_10uM_P38,34.3256448451158,25.3546597627438,8.970985082371996,,,,0.764959122861562,0.7860392362574657,0.5799340548610002
ASO433-456_WT_20210622,L5,ASO448_10,KQ2028_L21_6-10-5_10uM_P38,34.3698291468579,25.2731739297645,9.096655217093403,,,,0.8906292575829688,,
ASO433-456_WT_20210622,L6,ASO448_10,KQ2028_L21_6-10-5_10uM_P38,34.2029632220355,25.2944079341972,8.9085552878383,,,,0.7025293283278664,,
ASO433-456_WT_20210622,L7,ASO448_3,KQ2028_L21_6-10-5_3uM_P38,31.8130737049038,23.3479454744663,8.4651282304375,,,,0.25910227092706606,0.31628764128786574,0.8031338537742262
ASO433-456_WT_20210622,L8,ASO448_3,KQ2028_L21_6-10-5_3uM_P38,31.8732955087347,23.289030447225,8.5842650615097,,,,0.3782391019992666,,
ASO433-456_WT_20210622,L9,ASO448_3,KQ2028_L21_6-10-5_3uM_P38,31.8154259953909,23.2978784849432,8.517547510447699,,,,0.31152155093726464,,
ASO433-456_WT_20210622,L10,ASO448_3,KQ2028_L21_6-10-5_3uM_P38,33.6273114343278,23.632538326198,9.994773108129802,,,,1.7887471486193682,1.5365249832981351,0.3447147691348376
ASO433-456_WT_20210622,L11,ASO448_3,KQ2028_L21_6-10-5_3uM_P38,33.0643133634638,23.5938674802524,9.470445883211404,,,,1.2644199237009701,,
ASO433-456_WT_20210622,L12,ASO448_3,KQ2028_L21_6-10-5_3uM_P38,33.3970064544474,23.6345726173629,9.762433837084501,,,,1.5564078775740668,,
ASO433-456_WT_20210622,M1,ASO449_10,KQ2029_L21_6-10-5_10uM_P38,33.1716321766497,25.5059579210049,7.665674255644802,,,,-0.5403517038656318,-0.42928559208666667,1.3465666056508945
ASO433-456_WT_20210622,M2,ASO449_10,KQ2029_L21_6-10-5_10uM_P38,33.5167895666209,25.5154186538076,8.0013709128133,,,,-0.20465504669713397,,
ASO433-456_WT_20210622,M3,ASO449_10,KQ2029_L21_6-10-5_10uM_P38,33.2229287270275,25.5597527932143,7.6631759338132,,,,-0.5428500256972342,,
ASO433-456_WT_20210622,M4,ASO449_10,KQ2029_L21_6-10-5_10uM_P38,34.7597697484246,26.7641120831309,7.995657665293702,,,,-0.21036829421673175,0.37531462657170067,0.7709372664270797
ASO433-456_WT_20210622,M5,ASO449_10,KQ2029_L21_6-10-5_10uM_P38,35.2822071044159,26.726738290566,8.555468813849902,,,,0.3494428543394683,,
ASO433-456_WT_20210622,M6,ASO449_10,KQ2029_L21_6-10-5_10uM_P38,35.9327825589194,26.7398872798166,9.1928952791028,,,,0.9868693195923655,,
ASO433-456_WT_20210622,M7,ASO449_3,KQ2029_L21_6-10-5_3uM_P38,34.0581572315654,24.4209551794561,9.637202052109302,,,,1.431176092598868,1.2736609676715993,0.4136088705979391
ASO433-456_WT_20210622,M8,ASO449_3,KQ2029_L21_6-10-5_3uM_P38,33.8016268178626,24.3946066014191,9.407020216443499,,,,1.2009942569330647,,
ASO433-456_WT_20210622,M9,ASO449_3,KQ2029_L21_6-10-5_3uM_P38,33.8852051178557,24.4903666048624,9.3948385129933,,,,1.1888125534828653,,
ASO433-456_WT_20210622,M10,ASO449_3,KQ2029_L21_6-10-5_3uM_P38,32.4696569679559,24.4158861364189,8.053770831536998,,,,-0.15225512797343654,-0.04806979089930152,1.0338807493969533
ASO433-456_WT_20210622,M11,ASO449_3,KQ2029_L21_6-10-5_3uM_P38,32.8043327792727,24.4213139726225,8.383018806650199,,,,0.17699284713976482,,
ASO433-456_WT_20210622,M12,ASO449_3,KQ2029_L21_6-10-5_3uM_P38,32.4829839565543,24.4459050889081,8.037078867646201,,,,-0.16894709186423285,,
ASO433-456_WT_20210622,N1,ASO450_10,KQ2030_L19_5-10-4_10uM_P38,33.3916511287878,25.7659838615967,7.625667267191101,,,,-0.5803586923193329,-0.33677570323819833,1.2629308978713805
ASO433-456_WT_20210622,N2,ASO450_10,KQ2030_L19_5-10-4_10uM_P38,33.8759440960966,25.785677409134,8.090266686962604,,,,-0.11575927254783025,,
ASO433-456_WT_20210622,N3,ASO450_10,KQ2030_L19_5-10-4_10uM_P38,33.6839132616262,25.7920964469632,7.891816814663002,,,,-0.3142091448474318,,
ASO433-456_WT_20210622,N4,ASO450_10,KQ2030_L19_5-10-4_10uM_P38,33.6017114157167,25.7380371165851,7.863674299131599,,,,-0.342351660378835,-0.2566782393296994,1.1947247186721062
ASO433-456_WT_20210622,N5,ASO450_10,KQ2030_L19_5-10-4_10uM_P38,33.8061801060702,25.6860420612765,8.120138044793702,,,,-0.08588791471673218,,
ASO433-456_WT_20210622,N6,ASO450_10,KQ2030_L19_5-10-4_10uM_P38,33.5985221337377,25.7342913171208,7.864230816616903,,,,-0.3417951428935311,,
ASO433-456_WT_20210622,N7,ASO450_3,KQ2030_L19_5-10-4_3uM_P38,32.6462545063722,23.742287488268,8.9039670181042,,,,0.6979410585937664,0.6209414162503014,0.6502464774014903
ASO433-456_WT_20210622,N8,ASO450_3,KQ2030_L19_5-10-4_3uM_P38,32.5964236261281,23.7381821753363,8.858241450791802,,,,0.6522154912813676,,
ASO433-456_WT_20210622,N9,ASO450_3,KQ2030_L19_5-10-4_3uM_P38,32.5548352774962,23.83614161911,8.718693658386204,,,,0.5126676988757701,,
ASO433-456_WT_20210622,N10,ASO450_3,KQ2030_L19_5-10-4_3uM_P38,32.5432505934258,24.5514383504298,7.9918122429960015,,,,-0.21421371651443266,-0.14092047825040174,1.1026083853147852
ASO433-456_WT_20210622,N11,ASO450_3,KQ2030_L19_5-10-4_3uM_P38,32.23995009831,24.3971697325225,7.8427803657874975,,,,-0.36324559372293663,,
ASO433-456_WT_20210622,N12,ASO450_3,KQ2030_L19_5-10-4_3uM_P38,32.8785816208125,24.5178577858159,8.360723834996598,,,,0.1546978754861641,,
ASO433-456_WT_20210622,I13,ASO451_10,KQ2031_L18_4-10-4_10uM_P38,32.776758008568,23.9663326943312,8.810425314236802,,,,0.6043993547263682,0.7087663935581657,0.6118430844086516
ASO433-456_WT_20210622,I14,ASO451_10,KQ2031_L18_4-10-4_10uM_P38,33.0806269603253,23.9952960099489,9.085330950376399,,,,0.8793049908659647,,
ASO433-456_WT_20210622,I15,ASO451_10,KQ2031_L18_4-10-4_10uM_P38,32.8913296723173,24.0427088777247,8.848620794592598,,,,0.6425948350821642,,
ASO433-456_WT_20210622,I16,ASO451_10,KQ2031_L18_4-10-4_10uM_P38,33.1048350990492,24.4035286315333,8.701306467515895,,,,0.495280508005461,0.4777212884895974,0.7181109724046832
ASO433-456_WT_20210622,I17,ASO451_10,KQ2031_L18_4-10-4_10uM_P38,33.1776759399295,24.3696800783063,8.807995861623201,,,,0.6019699021127671,,
ASO433-456_WT_20210622,I18,ASO451_10,KQ2031_L18_4-10-4_10uM_P38,33.0305798876595,24.4886404727985,8.541939414860998,,,,0.33591345535056405,,
ASO433-456_WT_20210622,I19,ASO451_3,KQ2031_L18_4-10-4_3uM_P38,31.2434368594032,22.6927194036266,8.5507174557766,,,,0.34469149626616513,0.4950284055379335,0.7095477075227853
ASO433-456_WT_20210622,I20,ASO451_3,KQ2031_L18_4-10-4_3uM_P38,31.4611973330456,22.6814321586374,8.779765174408201,,,,0.5737392148977669,,
ASO433-456_WT_20210622,I21,ASO451_3,KQ2031_L18_4-10-4_3uM_P38,31.495386342296,22.7227058773357,8.772680464960303,,,,0.5666545054498684,,
ASO433-456_WT_20210622,I22,ASO451_3,KQ2031_L18_4-10-4_3uM_P38,31.2345234938277,22.630041440036,8.604482053791703,,,,0.3984560942812685,0.23041308059376675,0.8523907954764672
ASO433-456_WT_20210622,I23,ASO451_3,KQ2031_L18_4-10-4_3uM_P38,30.9138109557095,22.6487184644003,8.2650924913092,,,,0.05906653179876642,,
ASO433-456_WT_20210622,I24,ASO451_3,KQ2031_L18_4-10-4_3uM_P38,31.1054387837972,22.6656962085855,8.4397425752117,,,,0.23371661570126534,,
ASO433-456_WT_20210622,J13,ASO452_10,KQ2032_L21_6-10-5_10uM_P38,33.5170904222611,25.5563112255307,7.9607791967304,,,,-0.24524676278003454,-0.18954162706696684,1.1404013300992826
ASO433-456_WT_20210622,J14,ASO452_10,KQ2032_L21_6-10-5_10uM_P38,33.6884979017183,25.5239792579828,8.164518643735502,,,,-0.04150731577493261,,
ASO433-456_WT_20210622,J15,ASO452_10,KQ2032_L21_6-10-5_10uM_P38,33.470570890836,25.5464157339715,7.924155156864501,,,,-0.28187080264593334,,
ASO433-456_WT_20210622,J16,ASO452_10,KQ2032_L21_6-10-5_10uM_P38,34.7620061901415,26.81555779519,7.946448394951499,,,,-0.2595775645589349,-0.3912406993595674,1.311520810203274
ASO433-456_WT_20210622,J17,ASO452_10,KQ2032_L21_6-10-5_10uM_P38,34.5597750765614,26.8123135394853,7.747461537076102,,,,-0.45856442243433193,,
ASO433-456_WT_20210622,J18,ASO452_10,KQ2032_L21_6-10-5_10uM_P38,34.6537045827777,26.9032587343527,7.750445848424999,,,,-0.4555801110854354,,
ASO433-456_WT_20210622,J19,ASO452_3,KQ2032_L21_6-10-5_3uM_P38,33.5071991313212,24.517028256995,8.9901708743262,,,,0.7841449148157658,0.7560557594741996,0.5921129206030185
ASO433-456_WT_20210622,J20,ASO452_3,KQ2032_L21_6-10-5_3uM_P38,33.2387660704158,24.5093504013072,8.729415669108601,,,,0.5233897095981668,,
ASO433-456_WT_20210622,J21,ASO452_3,KQ2032_L21_6-10-5_3uM_P38,33.7283265315034,24.5616679179843,9.1666586135191,,,,0.9606326540086663,,
ASO433-456_WT_20210622,J22,ASO452_3,KQ2032_L21_6-10-5_3uM_P38,32.82243835468,23.7029945779414,9.119443776738603,,,,0.9134178172281686,0.930206780920134,0.5247831194600839
ASO433-456_WT_20210622,J23,ASO452_3,KQ2032_L21_6-10-5_3uM_P38,32.8578399087708,23.6956393867171,9.162200522053698,,,,0.9561745625432643,,
ASO433-456_WT_20210622,J24,ASO452_3,KQ2032_L21_6-10-5_3uM_P38,32.9403519865643,23.8132980640649,9.127053922499403,,,,0.921027962988969,,
ASO433-456_WT_20210622,K13,ASO453_10,KQ2033_L21_6-10-5_10uM_P38,33.6603283121418,25.382617500579,8.277710811562802,,,,0.07168485205236763,0.3723186231845001,0.7725399132323286
ASO433-456_WT_20210622,K14,ASO453_10,KQ2033_L21_6-10-5_10uM_P38,34.0824717802787,25.392514000119,8.689957780159702,,,,0.48393182064926776,,
ASO433-456_WT_20210622,K15,ASO453_10,KQ2033_L21_6-10-5_10uM_P38,34.302166155943,25.5348009995807,8.767365156362299,,,,0.5613391968518648,,
ASO433-456_WT_20210622,K16,ASO453_10,KQ2033_L21_6-10-5_10uM_P38,36.5211428983739,27.6566818121216,8.864461086252302,,,,0.6584351267418675,0.4186047313219987,0.7481478281744357
ASO433-456_WT_20210622,K17,ASO453_10,KQ2033_L21_6-10-5_10uM_P38,36.197790826132,27.5905199230694,8.607270903062599,,,,0.40124494355216456,,
ASO433-456_WT_20210622,K18,ASO453_10,KQ2033_L21_6-10-5_10uM_P38,36.127108014528,27.7249479313456,8.402160083182398,,,,0.19613412367196403,,
ASO433-456_WT_20210622,K19,ASO453_3,KQ2033_L21_6-10-5_3uM_P38,33.9455064205952,24.0881970259879,9.857309394607302,,,,1.6512834350968681,1.4004405468176,0.37881344805605804
ASO433-456_WT_20210622,K20,ASO453_3,KQ2033_L21_6-10-5_3uM_P38,33.2834307855851,24.0677363973259,9.215694388259198,,,,1.009668428748764,,
ASO433-456_WT_20210622,K21,ASO453_3,KQ2033_L21_6-10-5_3uM_P38,33.8436813484165,24.0972856122989,9.746395736117602,,,,1.540369776607168,,
ASO433-456_WT_20210622,K22,ASO453_3,KQ2033_L21_6-10-5_3uM_P38,33.7193909889918,24.4822392899556,9.237151699036197,,,,1.0311257395257627,1.0308628565054303,0.4894173473071731
ASO433-456_WT_20210622,K23,ASO453_3,KQ2033_L21_6-10-5_3uM_P38,33.5045365119596,24.3758892953639,9.128647216595699,,,,0.9226212570852645,,
ASO433-456_WT_20210622,K24,ASO453_3,KQ2033_L21_6-10-5_3uM_P38,33.7818593914541,24.4369918590384,9.344867532415698,,,,1.1388415729052639,,
ASO433-456_WT_20210622,L13,ASO454_10,KQ2034_L18_4-10-4_10uM_P38,32.9342769186259,24.6262098353314,8.308067083294496,,,,0.10204112378406194,-0.05657078157073533,1.0399908112189216
ASO433-456_WT_20210622,L14,ASO454_10,KQ2034_L18_4-10-4_10uM_P38,32.903428349641,24.6583893245807,8.245039025060297,,,,0.03901306554986306,,
ASO433-456_WT_20210622,L15,ASO454_10,KQ2034_L18_4-10-4_10uM_P38,32.7006767559791,24.8054173305148,7.895259425464303,,,,-0.31076653404613097,,
ASO433-456_WT_20210622,L16,ASO454_10,KQ2034_L18_4-10-4_10uM_P38,33.8446076730941,25.5301661429539,8.314441530140204,,,,0.10841557062977003,-0.10073760157196432,1.0723215644507915
ASO433-456_WT_20210622,L17,ASO454_10,KQ2034_L18_4-10-4_10uM_P38,33.5354954195675,25.5414033758374,7.994092043730102,,,,-0.21193391578033172,,
ASO433-456_WT_20210622,L18,ASO454_10,KQ2034_L18_4-10-4_10uM_P38,33.5869472094459,25.5796157095008,8.007331499945103,,,,-0.19869445956533127,,
ASO433-456_WT_20210622,L19,ASO454_3,KQ2034_L18_4-10-4_3uM_P38,30.3996519297584,22.3495024452948,8.0501494844636,,,,-0.15587647504683488,-0.06936350101186879,1.04925366391246
ASO433-456_WT_20210622,L20,ASO454_3,KQ2034_L18_4-10-4_3uM_P38,30.3222004951624,22.2579812890343,8.064219206128097,,,,-0.14180675338233684,,
ASO433-456_WT_20210622,L21,ASO454_3,KQ2034_L18_4-10-4_3uM_P38,30.5767044516571,22.2810857667531,8.295618684904,,,,0.08959272539356533,,
ASO433-456_WT_20210622,L22,ASO454_3,KQ2034_L18_4-10-4_3uM_P38,30.56271551647,22.3307645917464,8.231950924723598,,,,0.02592496521316434,-0.08981558825280207,1.0642341385805125
ASO433-456_WT_20210622,L23,ASO454_3,KQ2034_L18_4-10-4_3uM_P38,30.4022303628688,22.4381282054119,7.9641021574568995,,,,-0.2419238020535346,,
ASO433-456_WT_20210622,L24,ASO454_3,KQ2034_L18_4-10-4_3uM_P38,30.6268809856571,22.4743029540647,8.152578031592398,,,,-0.05344792791803599,,
ASO433-456_WT_20210622,M13,ASO455_10,KQ2035_L19_5-10-4_10uM_P38,32.0460620889042,23.0123817608179,9.033680328086302,,,,0.8276543685758675,0.7841093022378658,0.5807103682048499
ASO433-456_WT_20210622,M14,ASO455_10,KQ2035_L19_5-10-4_10uM_P38,31.7723596977862,23.0050040654591,8.7673556323271,,,,0.5613296728166652,,
ASO433-456_WT_20210622,M15,ASO455_10,KQ2035_L19_5-10-4_10uM_P38,32.1544892350954,22.9851194102639,9.169369824831499,,,,0.9633438653210646,,
ASO433-456_WT_20210622,M16,ASO455_10,KQ2035_L19_5-10-4_10uM_P38,32.7589807541829,24.2807214347126,8.4782593194703,,,,0.2722333599598663,0.38286034149326653,0.7669155666612452
ASO433-456_WT_20210622,M17,ASO455_10,KQ2035_L19_5-10-4_10uM_P38,32.9111384759679,24.234137795045,8.677000680922902,,,,0.47097472141246755,,
ASO433-456_WT_20210622,M18,ASO455_10,KQ2035_L19_5-10-4_10uM_P38,32.87211935397,24.2607204513521,8.6113989026179,,,,0.40537294310746574,,
ASO433-456_WT_20210622,M19,ASO455_3,KQ2035_L19_5-10-4_3uM_P38,31.7800923806785,22.6417255278733,9.138366852805198,,,,0.9323408932947643,0.7952657269714317,0.5762370277357147
ASO433-456_WT_20210622,M20,ASO455_3,KQ2035_L19_5-10-4_3uM_P38,31.6389614874584,22.5959652410668,9.0429962463916,,,,0.836970286881165,,
ASO433-456_WT_20210622,M21,ASO455_3,KQ2035_L19_5-10-4_3uM_P38,31.4801400234425,22.6576280631937,8.8225119602488,,,,0.6164860007383659,,
ASO433-456_WT_20210622,M22,ASO455_3,KQ2035_L19_5-10-4_3uM_P38,31.2833450892337,22.7851396667409,8.498205422492799,,,,0.2921794629823644,0.31844004357253297,0.8019365264061338
ASO433-456_WT_20210622,M23,ASO455_3,KQ2035_L19_5-10-4_3uM_P38,31.2518267399923,22.7983080020969,8.4535187378954,,,,0.24749277838496653,,
ASO433-456_WT_20210622,M24,ASO455_3,KQ2035_L19_5-10-4_3uM_P38,31.4808905653557,22.859216716495,8.621673848860702,,,,0.415647889350268,,
ASO433-456_WT_20210622,N13,ASO456_10,KQ2036_L20_5-10-5_10uM_P38,35.5276752361451,28.1312834493293,7.396391786815801,,,,-0.8096341726946328,-0.6777257762863999,1.5996161768928918
ASO433-456_WT_20210622,N14,ASO456_10,KQ2036_L20_5-10-5_10uM_P38,35.5550781491891,28.1199301587872,7.4351479904019016,,,,-0.7708779691085326,,
ASO433-456_WT_20210622,N15,ASO456_10,KQ2036_L20_5-10-5_10uM_P38,35.8774590208264,28.124098248372,7.7533607724544,,,,-0.4526651870560343,,
ASO433-456_WT_20210622,N16,ASO456_10,KQ2036_L20_5-10-5_10uM_P38,37.3586153706053,28.6526212744645,8.705994096140799,,,,0.49996813663036477,-0.6151344346131987,1.5317007188715566
ASO433-456_WT_20210622,N17,ASO456_10,KQ2036_L20_5-10-5_10uM_P38,35.697607712089,28.8355878383958,6.862019873693203,,,,-1.344006085817231,,
ASO433-456_WT_20210622,N18,ASO456_10,KQ2036_L20_5-10-5_10uM_P38,36.0314429296397,28.826782324782,7.204660604857704,,,,-1.0013653546527301,,
ASO433-456_WT_20210622,N19,ASO456_3,KQ2036_L20_5-10-5_3uM_P38,34.9623893076379,27.0536488292686,7.9087404783693,,,,-0.2972854811411345,-0.5026474644770325,1.4168111436453144
ASO433-456_WT_20210622,N20,ASO456_3,KQ2036_L20_5-10-5_3uM_P38,35.0505259342395,27.0115928296254,8.038933104614102,,,,-0.16709285489633174,,
ASO433-456_WT_20210622,N21,ASO456_3,KQ2036_L20_5-10-5_3uM_P38,34.2222533730051,27.0597914708883,7.162461902116803,,,,-1.0435640573936311,,
ASO433-456_WT_20210622,N22,ASO456_3,KQ2036_L20_5-10-5_3uM_P38,33.4808144353523,25.0791746304697,8.401639804882599,,,,0.19561384537216497,-0.13127778225963502,1.0952633368654894
ASO433-456_WT_20210622,N23,ASO456_3,KQ2036_L20_5-10-5_3uM_P38,32.9325229991868,25.0966302523856,7.8358927468012,,,,-0.37013321270923427,,
ASO433-456_WT_20210622,N24,ASO456_3,KQ2036_L20_5-10-5_3uM_P38,33.1595171525451,25.1728051724765,7.986711980068598,,,,-0.21931397944183573,,
