Experiment Name,SampleName,ASO Microsynth ID,Exp_zscore,Exp,Test plate #,Avg Exp,Avg Exp_zscore,Avg Exp_zscore range
Rd2.1.2_P1+2_MT_20210727,KQ106_10_P2.1-1,KQ106_L20_5-10-5_10uM_P2.1-1,0.3213162355086412,0.4528598369437277,1.0,0.5108801694607007,0.8610196463200374,1.7220392926400763
Rd2.1.2_P1+2_MT_20210727,KQ106_10_P2.1-1,KQ106_L20_5-10-5_10uM_P2.1-1,1.263511417500922,0.5541496873689749,1.0,,,1.7220392926400763
Rd2.1.2_P1+2_MT_20210727,KQ106_10_P2.1-1,KQ106_L20_5-10-5_10uM_P2.1-1,0.9982312859505488,0.5256309840693996,1.0,,,1.7220392926400763
Rd2.1.2_P1+2_MT_20210727,KQ106_10_P2.1-1,KQ106_L20_5-10-5_10uM_P2.1-1,0.9617519457422044,0.3149247395794145,1.0,0.325753875342864,-0.8610196463200389,1.7220392926400763
Rd2.1.2_P1+2_MT_20210727,KQ106_10_P2.1-1,KQ106_L20_5-10-5_10uM_P2.1-1,0.6310092841704372,0.3504809336251265,1.0,,,1.7220392926400763
Rd2.1.2_P1+2_MT_20210727,KQ106_10_P2.1-1,KQ106_L20_5-10-5_10uM_P2.1-1,0.990297709047474,0.311855952824051,1.0,,,1.7220392926400763
Rd2.1.2_P1+2_MT_20210727,KQ242_10_P2.1-1,KQ242_L20_5-10-5_10uM_P2.1-1,0.3488418333682138,0.9021981794802348,1.0,0.9355282650495064,0.13044852362238243,0.26089704724476326
Rd2.1.2_P1+2_MT_20210727,KQ242_10_P2.1-1,KQ242_L20_5-10-5_10uM_P2.1-1,0.2240275429419093,0.9108778262110748,1.0,,,0.26089704724476326
Rd2.1.2_P1+2_MT_20210727,KQ242_10_P2.1-1,KQ242_L20_5-10-5_10uM_P2.1-1,0.964214947177262,0.9935087894572092,1.0,,,0.26089704724476326
Rd2.1.2_P1+2_MT_20210727,KQ242_10_P2.1-1,KQ242_L20_5-10-5_10uM_P2.1-1,1.573121704520664,0.8170611591519731,1.0,0.9173853569300157,-0.13044852362238085,0.26089704724476326
Rd2.1.2_P1+2_MT_20210727,KQ242_10_P2.1-1,KQ242_L20_5-10-5_10uM_P2.1-1,0.0113582526576866,0.925666952551183,1.0,,,0.26089704724476326
Rd2.1.2_P1+2_MT_20210727,KQ242_10_P2.1-1,KQ242_L20_5-10-5_10uM_P2.1-1,1.19313438631121,1.009427959086891,1.0,,,0.26089704724476326
Rd2.1.2_P1+2_MT_20210727,KQ243_10_P2.1-1,KQ243_L20_5-10-5_10uM_P2.1-1,0.1296024932349928,2.532485591710534,1.0,3.044347956743262,0.7331703428497904,1.4663406856995804
Rd2.1.2_P1+2_MT_20210727,KQ243_10_P2.1-1,KQ243_L20_5-10-5_10uM_P2.1-1,0.3567813039031633,2.725147085175015,1.0,,,1.4663406856995804
Rd2.1.2_P1+2_MT_20210727,KQ243_10_P2.1-1,KQ243_L20_5-10-5_10uM_P2.1-1,1.7131272314112145,3.875411193344237,1.0,,,1.4663406856995804
Rd2.1.2_P1+2_MT_20210727,KQ243_10_P2.1-1,KQ243_L20_5-10-5_10uM_P2.1-1,1.1048231960327888,1.4856172849095357,1.0,1.8008015819572014,-0.7331703428497899,1.4663406856995804
Rd2.1.2_P1+2_MT_20210727,KQ243_10_P2.1-1,KQ243_L20_5-10-5_10uM_P2.1-1,0.7723998694207762,1.7675325497140912,1.0,,,1.4663406856995804
Rd2.1.2_P1+2_MT_20210727,KQ243_10_P2.1-1,KQ243_L20_5-10-5_10uM_P2.1-1,0.3222879630958047,2.149254911247977,1.0,,,1.4663406856995804
Rd2.1.2_P1+2_MT_20210727,KQ244_10_P2.1-1,KQ244_L20_5-10-5_10uM_P2.1-1,0.9413836888536062,0.5621754619893032,1.0,0.5534314001869264,0.8761040021068423,1.752208004213684
Rd2.1.2_P1+2_MT_20210727,KQ244_10_P2.1-1,KQ244_L20_5-10-5_10uM_P2.1-1,0.8882961577822038,0.5550645110065773,1.0,,,1.752208004213684
Rd2.1.2_P1+2_MT_20210727,KQ244_10_P2.1-1,KQ244_L20_5-10-5_10uM_P2.1-1,0.7986321596847166,0.5430542275648986,1.0,,,1.752208004213684
Rd2.1.2_P1+2_MT_20210727,KQ244_10_P2.1-1,KQ244_L20_5-10-5_10uM_P2.1-1,0.3973485212087054,0.3828554044800247,1.0,0.31872722430907013,-0.8761040021068418,1.752208004213684
Rd2.1.2_P1+2_MT_20210727,KQ244_10_P2.1-1,KQ244_L20_5-10-5_10uM_P2.1-1,0.97330495702256,0.3057073830783642,1.0,,,1.752208004213684
Rd2.1.2_P1+2_MT_20210727,KQ244_10_P2.1-1,KQ244_L20_5-10-5_10uM_P2.1-1,1.25765852808926,0.2676188853688215,1.0,,,1.752208004213684
Rd2.1.2_P1+2_MT_20210727,KQ245_10_P2.1-1,KQ245_L20_5-10-5_10uM_P2.1-1,0.8561322311866632,1.4662479792852827,1.0,1.8498732526268176,0.03104620986590871,0.062092419731816395
Rd2.1.2_P1+2_MT_20210727,KQ245_10_P2.1-1,KQ245_L20_5-10-5_10uM_P2.1-1,0.0226316945743807,1.846234727861812,1.0,,,0.062092419731816395
Rd2.1.2_P1+2_MT_20210727,KQ245_10_P2.1-1,KQ245_L20_5-10-5_10uM_P2.1-1,0.9266391662100074,2.2371370507333577,1.0,,,0.062092419731816395
Rd2.1.2_P1+2_MT_20210727,KQ245_10_P2.1-1,KQ245_L20_5-10-5_10uM_P2.1-1,0.9124012331827568,1.4419166719940502,1.0,1.8230238383603996,-0.031046209865907684,0.062092419731816395
Rd2.1.2_P1+2_MT_20210727,KQ245_10_P2.1-1,KQ245_L20_5-10-5_10uM_P2.1-1,0.6486204753474455,1.5559782413968757,1.0,,,0.062092419731816395
Rd2.1.2_P1+2_MT_20210727,KQ245_10_P2.1-1,KQ245_L20_5-10-5_10uM_P2.1-1,1.4678830789324802,2.471176601690273,1.0,,,0.062092419731816395
Rd2.1.2_P1+2_MT_20210727,KQ257_10_P2.1-1,KQ257_L20_5-10-5_10uM_P2.1-1,0.343976731246346,0.5290613000551326,1.0,0.6298574070166426,0.8600475369608238,1.7200950739216478
Rd2.1.2_P1+2_MT_20210727,KQ257_10_P2.1-1,KQ257_L20_5-10-5_10uM_P2.1-1,1.279269212936586,0.7117374754575128,1.0,,,1.7200950739216478
Rd2.1.2_P1+2_MT_20210727,KQ257_10_P2.1-1,KQ257_L20_5-10-5_10uM_P2.1-1,0.95689666669954,0.6487734455372827,1.0,,,1.7200950739216478
Rd2.1.2_P1+2_MT_20210727,KQ257_10_P2.1-1,KQ257_L20_5-10-5_10uM_P2.1-1,1.1126040946074809,0.244569956822523,1.0,0.29389791243733326,-0.860047536960824,1.7200950739216478
Rd2.1.2_P1+2_MT_20210727,KQ257_10_P2.1-1,KQ257_L20_5-10-5_10uM_P2.1-1,0.6478142154106108,0.3353501557010365,1.0,,,1.7200950739216478
Rd2.1.2_P1+2_MT_20210727,KQ257_10_P2.1-1,KQ257_L20_5-10-5_10uM_P2.1-1,0.8197243008643817,0.3017736247884403,1.0,,,1.7200950739216478
Rd2.1.2_P1+2_MT_20210727,KQ258_10_P2.1-1,KQ258_L20_5-10-5_10uM_P2.1-1,0.8855048438200931,0.3287416885788502,1.0,0.3290323664212073,-0.8792967155238498,1.7585934310476974
Rd2.1.2_P1+2_MT_20210727,KQ258_10_P2.1-1,KQ258_L20_5-10-5_10uM_P2.1-1,0.9102571048846144,0.3275827347853136,1.0,,,1.7585934310476974
Rd2.1.2_P1+2_MT_20210727,KQ258_10_P2.1-1,KQ258_L20_5-10-5_10uM_P2.1-1,0.8421281978668413,0.330772675899458,1.0,,,1.7585934310476974
Rd2.1.2_P1+2_MT_20210727,KQ258_10_P2.1-1,KQ258_L20_5-10-5_10uM_P2.1-1,0.6158737707110495,0.3990394458750405,1.0,0.41137347145757525,0.8792967155238475,1.7585934310476974
Rd2.1.2_P1+2_MT_20210727,KQ258_10_P2.1-1,KQ258_L20_5-10-5_10uM_P2.1-1,1.36776977454092,0.4342448246366887,1.0,,,1.7585934310476974
Rd2.1.2_P1+2_MT_20210727,KQ258_10_P2.1-1,KQ258_L20_5-10-5_10uM_P2.1-1,0.6542466013195747,0.4008361438609967,1.0,,,1.7585934310476974
Rd2.1.2_P1+2_MT_20210727,KQ280_10_P2.1-1,KQ280_L20_5-10-5_10uM_P2.1-1,0.2276943878430794,0.3501672947485835,1.0,0.338056457070161,0.6312295158998736,1.578073789749685
Rd2.1.2_P1+2_MT_20210727,KQ280_10_P2.1-1,KQ280_L20_5-10-5_10uM_P2.1-1,0.2649492504931289,0.3435149717691578,1.0,,,1.578073789749685
Rd2.1.2_P1+2_MT_20210727,KQ280_10_P2.1-1,KQ280_L20_5-10-5_10uM_P2.1-1,0.3939117238590164,0.3204871046927419,1.0,,,1.578073789749685
Rd2.1.2_P1+2_MT_20210727,KQ280_10_P2.1-1,KQ280_L20_5-10-5_10uM_P2.1-1,0.65006679811242,0.2747474034687958,1.0,0.2898768591961851,-0.9468442738498114,1.578073789749685
Rd2.1.2_P1+2_MT_20210727,KQ280_10_P2.1-1,KQ280_L20_5-10-5_10uM_P2.1-1,0.480608460976013,0.3050063149235744,1.0,,,1.578073789749685
Rd2.1.2_P1+2_MT_20210727,KQ280_10_P2.1-1,KQ280_L20_5-10-5_10uM_P2.1-1,2.0172306212836566,,1.0,,,1.578073789749685
Rd2.1.2_P1+2_MT_20210727,KQ304_10_P2.1-1,KQ304_L20_5-10-5_10uM_P2.1-1,0.0140975692904858,1.7172436503429331,1.0,2.020763821409673,0.6265831823678781,1.2531663647357558
Rd2.1.2_P1+2_MT_20210727,KQ304_10_P2.1-1,KQ304_L20_5-10-5_10uM_P2.1-1,0.3243142959521323,1.8775650381223887,1.0,,,1.2531663647357558
Rd2.1.2_P1+2_MT_20210727,KQ304_10_P2.1-1,KQ304_L20_5-10-5_10uM_P2.1-1,1.569532820441989,2.467482775763697,1.0,,,1.2531663647357558
Rd2.1.2_P1+2_MT_20210727,KQ304_10_P2.1-1,KQ304_L20_5-10-5_10uM_P2.1-1,1.2818459976116463,1.116652452874256,1.0,1.4270808234186478,-0.6265831823678777,1.2531663647357558
Rd2.1.2_P1+2_MT_20210727,KQ304_10_P2.1-1,KQ304_L20_5-10-5_10uM_P2.1-1,0.850909532502886,1.320807032624224,1.0,,,1.2531663647357558
Rd2.1.2_P1+2_MT_20210727,KQ304_10_P2.1-1,KQ304_L20_5-10-5_10uM_P2.1-1,0.253005983010898,1.8437829847574627,1.0,,,1.2531663647357558
Rd2.1.2_P1+2_MT_20210727,KQ305_10_P2.1-1,KQ305_L20_5-10-5_10uM_P2.1-1,0.3997307219572183,0.6868062161190172,1.0,0.7320160858523844,0.7203936606301835,1.440787321260367
Rd2.1.2_P1+2_MT_20210727,KQ305_10_P2.1-1,KQ305_L20_5-10-5_10uM_P2.1-1,1.3293307615452534,0.8178693719293939,1.0,,,1.440787321260367
Rd2.1.2_P1+2_MT_20210727,KQ305_10_P2.1-1,KQ305_L20_5-10-5_10uM_P2.1-1,0.432119498388078,0.6913726695087421,1.0,,,1.440787321260367
Rd2.1.2_P1+2_MT_20210727,KQ305_10_P2.1-1,KQ305_L20_5-10-5_10uM_P2.1-1,0.8602491102016329,0.509163223404268,1.0,0.5288812696580486,-0.7203936606301835,1.440787321260367
Rd2.1.2_P1+2_MT_20210727,KQ305_10_P2.1-1,KQ305_L20_5-10-5_10uM_P2.1-1,0.1557993481828251,0.6524146344854787,1.0,,,1.440787321260367
Rd2.1.2_P1+2_MT_20210727,KQ305_10_P2.1-1,KQ305_L20_5-10-5_10uM_P2.1-1,1.4567312198717433,0.4250659510843991,1.0,,,1.440787321260367
Rd2.1.2_P1+2_MT_20210727,KQ306_10_P2.1-1,KQ306_L20_5-10-5_10uM_P2.1-1,0.8108082945669496,1.611125024950505,1.0,2.08487440061506,0.39586354261443385,0.7917270852288671
Rd2.1.2_P1+2_MT_20210727,KQ306_10_P2.1-1,KQ306_L20_5-10-5_10uM_P2.1-1,0.6791732860739391,2.196104156666332,1.0,,,0.7917270852288671
Rd2.1.2_P1+2_MT_20210727,KQ306_10_P2.1-1,KQ306_L20_5-10-5_10uM_P2.1-1,1.3192256363363108,2.4473940202283417,1.0,,,0.7917270852288671
Rd2.1.2_P1+2_MT_20210727,KQ306_10_P2.1-1,KQ306_L20_5-10-5_10uM_P2.1-1,1.2238986615020222,1.448942319265036,1.0,1.7740357775806246,-0.3958635426144333,0.7917270852288671
Rd2.1.2_P1+2_MT_20210727,KQ306_10_P2.1-1,KQ306_L20_5-10-5_10uM_P2.1-1,0.548577933521725,1.7140788405592733,1.0,,,0.7917270852288671
Rd2.1.2_P1+2_MT_20210727,KQ306_10_P2.1-1,KQ306_L20_5-10-5_10uM_P2.1-1,0.5848859671804489,2.159086172917565,1.0,,,0.7917270852288671
Rd2.1.2_P1+2_MT_20210727,KQ331_10_P2.1-1,KQ331_L20_5-10-5_10uM_P2.1-1,1.1807573577711066,1.681217352153238,1.0,2.0530347532911923,-0.09983352012661609,0.19966704025323345
Rd2.1.2_P1+2_MT_20210727,KQ331_10_P2.1-1,KQ331_L20_5-10-5_10uM_P2.1-1,0.5041761741161689,1.9139485110049292,1.0,,,0.19966704025323345
Rd2.1.2_P1+2_MT_20210727,KQ331_10_P2.1-1,KQ331_L20_5-10-5_10uM_P2.1-1,1.3854329715074274,2.5639383967154097,1.0,,,0.19966704025323345
Rd2.1.2_P1+2_MT_20210727,KQ331_10_P2.1-1,KQ331_L20_5-10-5_10uM_P2.1-1,0.802927649412728,1.8111836414902005,1.0,2.1217164470557086,0.09983352012661738,0.19966704025323345
Rd2.1.2_P1+2_MT_20210727,KQ331_10_P2.1-1,KQ331_L20_5-10-5_10uM_P2.1-1,0.2513581895649449,2.1738380737945726,1.0,,,0.19966704025323345
Rd2.1.2_P1+2_MT_20210727,KQ331_10_P2.1-1,KQ331_L20_5-10-5_10uM_P2.1-1,0.8510700202276313,2.380127625882352,1.0,,,0.19966704025323345
Rd2.1.2_P1+2_MT_20210727,KQ332_10_P2.1-1,KQ332_L20_5-10-5_10uM_P2.1-1,0.2816202364905799,0.3029869542848791,1.0,0.47569170038304637,0.718203089274982,1.4364061785499636
Rd2.1.2_P1+2_MT_20210727,KQ332_10_P2.1-1,KQ332_L20_5-10-5_10uM_P2.1-1,0.8299717776795099,0.4949980942780368,1.0,,,1.4364061785499636
Rd2.1.2_P1+2_MT_20210727,KQ332_10_P2.1-1,KQ332_L20_5-10-5_10uM_P2.1-1,1.606257726636015,0.6290900525862233,1.0,,,1.4364061785499636
Rd2.1.2_P1+2_MT_20210727,KQ332_10_P2.1-1,KQ332_L20_5-10-5_10uM_P2.1-1,0.8732681090396178,0.2007885028436075,1.0,0.2275736999649619,-0.7182030892749817,1.4364061785499636
Rd2.1.2_P1+2_MT_20210727,KQ332_10_P2.1-1,KQ332_L20_5-10-5_10uM_P2.1-1,0.4559299051864804,0.2728775276503979,1.0,,,1.4364061785499636
Rd2.1.2_P1+2_MT_20210727,KQ332_10_P2.1-1,KQ332_L20_5-10-5_10uM_P2.1-1,0.8254112535988478,0.2090550694008803,1.0,,,1.4364061785499636
Rd2.1.2_P1+2_MT_20210727,KQ371_10_P2.1-1,KQ371_L20_5-10-5_10uM_P2.1-1,1.466062074672729,0.1654404653628165,1.0,0.19049164999941,-0.655458392334471,1.310916784668943
Rd2.1.2_P1+2_MT_20210727,KQ371_10_P2.1-1,KQ371_L20_5-10-5_10uM_P2.1-1,0.795687163894773,0.1861579701454195,1.0,,,1.310916784668943
Rd2.1.2_P1+2_MT_20210727,KQ371_10_P2.1-1,KQ371_L20_5-10-5_10uM_P2.1-1,0.2953740615640902,0.219876514489994,1.0,,,1.310916784668943
Rd2.1.2_P1+2_MT_20210727,KQ371_10_P2.1-1,KQ371_L20_5-10-5_10uM_P2.1-1,0.782238195367598,0.2349227369222249,1.0,0.23100468877715308,0.655458392334472,1.310916784668943
Rd2.1.2_P1+2_MT_20210727,KQ371_10_P2.1-1,KQ371_L20_5-10-5_10uM_P2.1-1,0.047193311671405,0.209289690491563,1.0,,,1.310916784668943
Rd2.1.2_P1+2_MT_20210727,KQ371_10_P2.1-1,KQ371_L20_5-10-5_10uM_P2.1-1,1.2313302933072217,0.2488016389176713,1.0,,,1.310916784668943
Rd2.1.2_P1+2_MT_20210727,KQ372_10_P2.1-1,KQ372_L20_5-10-5_10uM_P2.1-1,1.1876853629194346,0.3863342838074164,1.0,0.45694507480781293,-0.5430536205458626,1.0861072410917236
Rd2.1.2_P1+2_MT_20210727,KQ372_10_P2.1-1,KQ372_L20_5-10-5_10uM_P2.1-1,0.6199382454995722,0.4485233918113151,1.0,,,1.0861072410917236
Rd2.1.2_P1+2_MT_20210727,KQ372_10_P2.1-1,KQ372_L20_5-10-5_10uM_P2.1-1,0.1784627467814194,0.5359775488047073,1.0,,,1.0861072410917236
Rd2.1.2_P1+2_MT_20210727,KQ372_10_P2.1-1,KQ372_L20_5-10-5_10uM_P2.1-1,0.4078016393872922,0.4717601215177574,1.0,0.5759136057746012,0.543053620545861,1.0861072410917236
Rd2.1.2_P1+2_MT_20210727,KQ372_10_P2.1-1,KQ372_L20_5-10-5_10uM_P2.1-1,0.3357218470226911,0.5532031812551984,1.0,,,1.0861072410917236
Rd2.1.2_P1+2_MT_20210727,KQ372_10_P2.1-1,KQ372_L20_5-10-5_10uM_P2.1-1,1.7012406540021854,0.7027775145508478,1.0,,,1.0861072410917236
Rd2.1.2_P1+2_MT_20210727,KQ373_10_P2.1-1,KQ373_L20_5-10-5_10uM_P2.1-1,1.466028881888774,0.3451611761711434,1.0,0.4668592776958258,-0.44116252792216243,0.8823250558443257
Rd2.1.2_P1+2_MT_20210727,KQ373_10_P2.1-1,KQ373_L20_5-10-5_10uM_P2.1-1,0.6847559082321717,0.4379336994358199,1.0,,,0.8823250558443257
Rd2.1.2_P1+2_MT_20210727,KQ373_10_P2.1-1,KQ373_L20_5-10-5_10uM_P2.1-1,0.8272972063544592,0.6174829574805142,1.0,,,0.8823250558443257
Rd2.1.2_P1+2_MT_20210727,KQ373_10_P2.1-1,KQ373_L20_5-10-5_10uM_P2.1-1,1.0224876159433347,0.6406609086259034,1.0,0.571631264607411,0.4411625279221633,0.8823250558443257
Rd2.1.2_P1+2_MT_20210727,KQ373_10_P2.1-1,KQ373_L20_5-10-5_10uM_P2.1-1,0.4002570318834711,0.4717166146457285,1.0,,,0.8823250558443257
Rd2.1.2_P1+2_MT_20210727,KQ373_10_P2.1-1,KQ373_L20_5-10-5_10uM_P2.1-1,0.7012569997066285,0.6025162705506012,1.0,,,0.8823250558443257
Rd2.1.2_P1+2_MT_20210727,KQ426_10_P2.1-1,KQ426_L20_5-10-5_10uM_P2.1-1,1.0167843154273932,0.5528256720163486,1.0,0.5362912626447472,0.8455233680303756,1.691046736060752
Rd2.1.2_P1+2_MT_20210727,KQ426_10_P2.1-1,KQ426_L20_5-10-5_10uM_P2.1-1,0.7213356401839746,0.5243015430831632,1.0,,,1.691046736060752
Rd2.1.2_P1+2_MT_20210727,KQ426_10_P2.1-1,KQ426_L20_5-10-5_10uM_P2.1-1,0.7984501484797626,0.53174657283473,1.0,,,1.691046736060752
Rd2.1.2_P1+2_MT_20210727,KQ426_10_P2.1-1,KQ426_L20_5-10-5_10uM_P2.1-1,0.1808027250071287,0.4372044829149867,1.0,0.3730289461300495,-0.8455233680303763,1.691046736060752
Rd2.1.2_P1+2_MT_20210727,KQ426_10_P2.1-1,KQ426_L20_5-10-5_10uM_P2.1-1,1.1977873694242958,0.3390195744989145,1.0,,,1.691046736060752
Rd2.1.2_P1+2_MT_20210727,KQ426_10_P2.1-1,KQ426_L20_5-10-5_10uM_P2.1-1,1.1579800096597046,0.3428627809762473,1.0,,,1.691046736060752
Rd2.1.2_P1+2_MT_20210727,KQ479_10_P2.1-1,KQ479_L20_5-10-5_10uM_P2.1-1,1.1305613911096684,0.4081912052507114,1.0,0.421751400167731,-0.8177441906619178,1.6354883813238383
Rd2.1.2_P1+2_MT_20210727,KQ479_10_P2.1-1,KQ479_L20_5-10-5_10uM_P2.1-1,0.3894530921605826,0.440317229567744,1.0,,,1.6354883813238383
Rd2.1.2_P1+2_MT_20210727,KQ479_10_P2.1-1,KQ479_L20_5-10-5_10uM_P2.1-1,0.9332180887155054,0.4167457656847377,1.0,,,1.6354883813238383
Rd2.1.2_P1+2_MT_20210727,KQ479_10_P2.1-1,KQ479_L20_5-10-5_10uM_P2.1-1,0.7879549403226129,0.4913562465862583,1.0,0.4926475695712306,0.8177441906619204,1.6354883813238383
Rd2.1.2_P1+2_MT_20210727,KQ479_10_P2.1-1,KQ479_L20_5-10-5_10uM_P2.1-1,1.420777169280527,0.518788218869782,1.0,,,1.6354883813238383
Rd2.1.2_P1+2_MT_20210727,KQ479_10_P2.1-1,KQ479_L20_5-10-5_10uM_P2.1-1,0.244500462382611,0.4677982432576514,1.0,,,1.6354883813238383
Rd2.1.2_P1+2_MT_20210727,KQ480_10_P2.1-1,KQ480_L20_5-10-5_10uM_P2.1-1,0.4762693626357699,0.535554652376122,1.0,0.6374051779660159,0.37091768844833717,0.7418353768966752
Rd2.1.2_P1+2_MT_20210727,KQ480_10_P2.1-1,KQ480_L20_5-10-5_10uM_P2.1-1,0.1161344525599916,0.6067746265977967,1.0,,,0.7418353768966752
Rd2.1.2_P1+2_MT_20210727,KQ480_10_P2.1-1,KQ480_L20_5-10-5_10uM_P2.1-1,1.4728879754207906,0.7698862549241292,1.0,,,0.7418353768966752
Rd2.1.2_P1+2_MT_20210727,KQ480_10_P2.1-1,KQ480_L20_5-10-5_10uM_P2.1-1,1.436864245906923,0.4200700098583544,1.0,0.548220241839552,-0.37091768844833806,0.7418353768966752
Rd2.1.2_P1+2_MT_20210727,KQ480_10_P2.1-1,KQ480_L20_5-10-5_10uM_P2.1-1,0.324348770902035,0.5538188504610765,1.0,,,0.7418353768966752
Rd2.1.2_P1+2_MT_20210727,KQ480_10_P2.1-1,KQ480_L20_5-10-5_10uM_P2.1-1,0.6484599514639451,0.6707718651992252,1.0,,,0.7418353768966752
Rd2.1.2_P1+2_MT_20210727,KQ500_10_P2.1-1,KQ500_L20_5-10-5_10uM_P2.1-1,0.3333664944011895,0.1860264867102588,1.0,0.19251406221649844,0.6477012227338728,1.2954024454677442
Rd2.1.2_P1+2_MT_20210727,KQ500_10_P2.1-1,KQ500_L20_5-10-5_10uM_P2.1-1,1.6695883442660049,0.2136048589444283,1.0,,,1.2954024454677442
Rd2.1.2_P1+2_MT_20210727,KQ500_10_P2.1-1,KQ500_L20_5-10-5_10uM_P2.1-1,0.0598511704655815,0.1779108409948082,1.0,,,1.2954024454677442
Rd2.1.2_P1+2_MT_20210727,KQ500_10_P2.1-1,KQ500_L20_5-10-5_10uM_P2.1-1,1.3951635678703165,0.1503512390108602,1.0,0.16577816440298998,-0.6477012227338713,1.2954024454677442
Rd2.1.2_P1+2_MT_20210727,KQ500_10_P2.1-1,KQ500_L20_5-10-5_10uM_P2.1-1,0.2980409933076643,0.1729948252917314,1.0,,,1.2954024454677442
Rd2.1.2_P1+2_MT_20210727,KQ500_10_P2.1-1,KQ500_L20_5-10-5_10uM_P2.1-1,0.2498991070236386,0.1739884289063783,1.0,,,1.2954024454677442
Rd2.1.2_P1+2_MT_20210727,KQ501_10_P2.1-1,KQ501_L20_5-10-5_10uM_P2.1-1,0.952578446147044,0.4525201704990605,1.0,0.44887226510282785,0.8688880830731953,1.737776166146392
Rd2.1.2_P1+2_MT_20210727,KQ501_10_P2.1-1,KQ501_L20_5-10-5_10uM_P2.1-1,0.7806273845361948,0.4450251473864871,1.0,,,1.737776166146392
Rd2.1.2_P1+2_MT_20210727,KQ501_10_P2.1-1,KQ501_L20_5-10-5_10uM_P2.1-1,0.873458418536348,0.4490714774229359,1.0,,,1.737776166146392
Rd2.1.2_P1+2_MT_20210727,KQ501_10_P2.1-1,KQ501_L20_5-10-5_10uM_P2.1-1,0.3794340156221568,0.3944602545341915,1.0,0.3731258730321401,-0.8688880830731966,1.737776166146392
Rd2.1.2_P1+2_MT_20210727,KQ501_10_P2.1-1,KQ501_L20_5-10-5_10uM_P2.1-1,1.332747670975236,0.3529071067172063,1.0,,,1.737776166146392
Rd2.1.2_P1+2_MT_20210727,KQ501_10_P2.1-1,KQ501_L20_5-10-5_10uM_P2.1-1,0.894482562622198,0.3720102578450225,1.0,,,1.737776166146392
Rd2.1.2_P1+2_MT_20210727,KQ830_10_P2.1-1,KQ830_L20_5-10-5_10uM_P2.1-1,0.4381297925410992,2.5067409103524283,1.0,3.1674459263244183,0.5288556303258705,1.057711260651741
Rd2.1.2_P1+2_MT_20210727,KQ830_10_P2.1-1,KQ830_L20_5-10-5_10uM_P2.1-1,0.2804055098065665,2.997689240272976,1.0,,,1.057711260651741
Rd2.1.2_P1+2_MT_20210727,KQ830_10_P2.1-1,KQ830_L20_5-10-5_10uM_P2.1-1,1.7442911737121436,3.99790762834785,1.0,,,1.057711260651741
Rd2.1.2_P1+2_MT_20210727,KQ830_10_P2.1-1,KQ830_L20_5-10-5_10uM_P2.1-1,1.1435190955536747,2.0247747506851894,1.0,2.444751334620318,-0.5288556303258705,1.057711260651741
Rd2.1.2_P1+2_MT_20210727,KQ830_10_P2.1-1,KQ830_L20_5-10-5_10uM_P2.1-1,0.5964117075011265,2.3985927907647677,1.0,,,1.057711260651741
Rd2.1.2_P1+2_MT_20210727,KQ830_10_P2.1-1,KQ830_L20_5-10-5_10uM_P2.1-1,0.1533639120771929,2.910886462410997,1.0,,,1.057711260651741
Rd2.1.2_P1+2_MT_20210727,TY779PD_10_P2.1-1,TY779PD_10uM_P2.1-1,0.3669425289997801,0.6080430362955397,1.0,0.6441158305719729,0.7150327335856246,1.4300654671712483
Rd2.1.2_P1+2_MT_20210727,TY779PD_10_P2.1-1,TY779PD_10uM_P2.1-1,0.0054858898380043,0.5705850704793309,1.0,,,1.4300654671712483
Rd2.1.2_P1+2_MT_20210727,TY779PD_10_P2.1-1,TY779PD_10uM_P2.1-1,1.7726697819190915,0.7537193849410482,1.0,,,1.4300654671712483
Rd2.1.2_P1+2_MT_20210727,TY779PD_10_P2.1-1,TY779PD_10uM_P2.1-1,0.9026613549372065,0.4764732330822898,1.0,0.49591729835393195,-0.7150327335856236,1.4300654671712483
Rd2.1.2_P1+2_MT_20210727,TY779PD_10_P2.1-1,TY779PD_10uM_P2.1-1,0.8823149089764,0.4785817473401788,1.0,,,1.4300654671712483
Rd2.1.2_P1+2_MT_20210727,TY779PD_10_P2.1-1,TY779PD_10uM_P2.1-1,0.3601219368432647,0.5326969146393272,1.0,,,1.4300654671712483
Rd2.1.2_P1+2_MT_20210727,KQ106_10_P2.1-2,KQ106_L20_5-10-5_10uM_P2.1-2,0.037979466110676,0.1785167678230286,2.0,0.21066521871883476,0.09843440799848574,0.16405734666414185
Rd2.1.2_P1+2_MT_20210727,KQ106_10_P2.1-2,KQ106_L20_5-10-5_10uM_P2.1-2,1.8317033309962916,,2.0,,,0.16405734666414185
Rd2.1.2_P1+2_MT_20210727,KQ106_10_P2.1-2,KQ106_L20_5-10-5_10uM_P2.1-2,0.8677989270853913,0.2428136696146409,2.0,,,0.16405734666414185
Rd2.1.2_P1+2_MT_20210727,KQ106_10_P2.1-2,KQ106_L20_5-10-5_10uM_P2.1-2,0.2561897182416128,0.1630270594610532,2.0,0.20491907378224342,-0.0656229386656561,0.16405734666414185
Rd2.1.2_P1+2_MT_20210727,KQ106_10_P2.1-2,KQ106_L20_5-10-5_10uM_P2.1-2,0.7581447742200796,0.2350298426313699,2.0,,,0.16405734666414185
Rd2.1.2_P1+2_MT_20210727,KQ106_10_P2.1-2,KQ106_L20_5-10-5_10uM_P2.1-2,0.4999288140431085,0.2167003192543072,2.0,,,0.16405734666414185
Rd2.1.2_P1+2_MT_20210727,KQ242_10_P2.1-2,KQ242_L20_5-10-5_10uM_P2.1-2,0.732783955745426,0.6563614705576025,2.0,0.6547595031520496,-0.7419162611088949,1.4838325222177897
Rd2.1.2_P1+2_MT_20210727,KQ242_10_P2.1-2,KQ242_L20_5-10-5_10uM_P2.1-2,0.0264855043009282,0.7802586742508547,2.0,,,1.4838325222177897
Rd2.1.2_P1+2_MT_20210727,KQ242_10_P2.1-2,KQ242_L20_5-10-5_10uM_P2.1-2,1.4664793232803288,0.5276583646476914,2.0,,,1.4838325222177897
Rd2.1.2_P1+2_MT_20210727,KQ242_10_P2.1-2,KQ242_L20_5-10-5_10uM_P2.1-2,0.2596546502009328,0.8304527033254344,2.0,0.9150498943824149,0.7419162611088949,1.4838325222177897
Rd2.1.2_P1+2_MT_20210727,KQ242_10_P2.1-2,KQ242_L20_5-10-5_10uM_P2.1-2,0.5883440268427844,0.8881106163030388,2.0,,,1.4838325222177897
Rd2.1.2_P1+2_MT_20210727,KQ242_10_P2.1-2,KQ242_L20_5-10-5_10uM_P2.1-2,1.3777501062829671,1.0265863635187715,2.0,,,1.4838325222177897
Rd2.1.2_P1+2_MT_20210727,KQ243_10_P2.1-2,KQ243_L20_5-10-5_10uM_P2.1-2,1.0322849167416857,1.6640203754820484,2.0,1.5871573845420184,0.5162785133135951,1.0325570266271917
Rd2.1.2_P1+2_MT_20210727,KQ243_10_P2.1-2,KQ243_L20_5-10-5_10uM_P2.1-2,0.1941013643839368,1.5391667024211213,2.0,,,1.0325570266271917
Rd2.1.2_P1+2_MT_20210727,KQ243_10_P2.1-2,KQ243_L20_5-10-5_10uM_P2.1-2,0.3224492588151635,1.558285075722886,2.0,,,1.0325570266271917
Rd2.1.2_P1+2_MT_20210727,KQ243_10_P2.1-2,KQ243_L20_5-10-5_10uM_P2.1-2,1.5292896246866323,1.282454799043511,2.0,1.4333503370801157,-0.5162785133135966,1.0325570266271917
Rd2.1.2_P1+2_MT_20210727,KQ243_10_P2.1-2,KQ243_L20_5-10-5_10uM_P2.1-2,0.8428175680432777,1.6357978049680244,2.0,,,1.0325570266271917
Rd2.1.2_P1+2_MT_20210727,KQ243_10_P2.1-2,KQ243_L20_5-10-5_10uM_P2.1-2,0.8623634832974385,1.381798407228812,2.0,,,1.0325570266271917
Rd2.1.2_P1+2_MT_20210727,KQ244_10_P2.1-2,KQ244_L20_5-10-5_10uM_P2.1-2,1.18265988201747,0.2647255209251357,2.0,0.4884687524466868,-0.3975601976242145,0.7951203952484293
Rd2.1.2_P1+2_MT_20210727,KQ244_10_P2.1-2,KQ244_L20_5-10-5_10uM_P2.1-2,1.2550912704156607,0.2440835142781349,2.0,,,0.7951203952484293
Rd2.1.2_P1+2_MT_20210727,KQ244_10_P2.1-2,KQ244_L20_5-10-5_10uM_P2.1-2,1.245070559560487,0.9565972221367898,2.0,,,0.7951203952484293
Rd2.1.2_P1+2_MT_20210727,KQ244_10_P2.1-2,KQ244_L20_5-10-5_10uM_P2.1-2,0.3645503777702581,0.7056603859489826,2.0,0.7150677566471079,0.39756019762421474,0.7951203952484293
Rd2.1.2_P1+2_MT_20210727,KQ244_10_P2.1-2,KQ244_L20_5-10-5_10uM_P2.1-2,0.4084080944982021,0.7181592666171752,2.0,,,0.7951203952484293
Rd2.1.2_P1+2_MT_20210727,KQ244_10_P2.1-2,KQ244_L20_5-10-5_10uM_P2.1-2,0.419722120604183,0.7213836173751655,2.0,,,0.7951203952484293
Rd2.1.2_P1+2_MT_20210727,KQ245_10_P2.1-2,KQ245_L20_5-10-5_10uM_P2.1-2,0.6878962353322743,0.6833937387615319,2.0,0.6639407506938798,-0.8259066840207573,1.6518133680415161
Rd2.1.2_P1+2_MT_20210727,KQ245_10_P2.1-2,KQ245_L20_5-10-5_10uM_P2.1-2,0.3045371729883275,0.7374293522695793,2.0,,,1.6518133680415161
Rd2.1.2_P1+2_MT_20210727,KQ245_10_P2.1-2,KQ245_L20_5-10-5_10uM_P2.1-2,1.48528664374167,0.5709991610505283,2.0,,,1.6518133680415161
Rd2.1.2_P1+2_MT_20210727,KQ245_10_P2.1-2,KQ245_L20_5-10-5_10uM_P2.1-2,1.132967617823075,0.9400499785235136,2.0,0.896768815842988,0.8259066840207588,1.6518133680415161
Rd2.1.2_P1+2_MT_20210727,KQ245_10_P2.1-2,KQ245_L20_5-10-5_10uM_P2.1-2,0.8141229770027564,0.8951078668772229,2.0,,,1.6518133680415161
Rd2.1.2_P1+2_MT_20210727,KQ245_10_P2.1-2,KQ245_L20_5-10-5_10uM_P2.1-2,0.5306294572364437,0.8551486021282273,2.0,,,1.6518133680415161
Rd2.1.2_P1+2_MT_20210727,KQ257_10_P2.1-2,KQ257_L20_5-10-5_10uM_P2.1-2,1.490160807670052,2.120372157659049,2.0,2.120372157659049,1.4901608076700519,1.9868810768934027
Rd2.1.2_P1+2_MT_20210727,KQ257_10_P2.1-2,KQ257_L20_5-10-5_10uM_P2.1-2,,,2.0,,,1.9868810768934027
Rd2.1.2_P1+2_MT_20210727,KQ257_10_P2.1-2,KQ257_L20_5-10-5_10uM_P2.1-2,,,2.0,,,1.9868810768934027
Rd2.1.2_P1+2_MT_20210727,KQ257_10_P2.1-2,KQ257_L20_5-10-5_10uM_P2.1-2,0.3773293669233213,0.3046104670931534,2.0,0.18852662925144067,-0.49672026922335066,1.9868810768934027
Rd2.1.2_P1+2_MT_20210727,KQ257_10_P2.1-2,KQ257_L20_5-10-5_10uM_P2.1-2,0.6508784336102859,0.0386385639807865,2.0,,,1.9868810768934027
Rd2.1.2_P1+2_MT_20210727,KQ257_10_P2.1-2,KQ257_L20_5-10-5_10uM_P2.1-2,0.4619530071364447,0.2223308566803821,2.0,,,1.9868810768934027
Rd2.1.2_P1+2_MT_20210727,KQ258_10_P2.1-2,KQ258_L20_5-10-5_10uM_P2.1-2,1.4912668337478665,1.4762147485277868,2.0,1.4762147485277868,1.491266833747866,1.9883557783304882
Rd2.1.2_P1+2_MT_20210727,KQ258_10_P2.1-2,KQ258_L20_5-10-5_10uM_P2.1-2,,,2.0,,,1.9883557783304882
Rd2.1.2_P1+2_MT_20210727,KQ258_10_P2.1-2,KQ258_L20_5-10-5_10uM_P2.1-2,,,2.0,,,1.9883557783304882
Rd2.1.2_P1+2_MT_20210727,KQ258_10_P2.1-2,KQ258_L20_5-10-5_10uM_P2.1-2,0.6278811922054639,0.1291717965858207,2.0,0.21231029053304695,-0.4970889445826221,1.9883557783304882
Rd2.1.2_P1+2_MT_20210727,KQ258_10_P2.1-2,KQ258_L20_5-10-5_10uM_P2.1-2,0.3639762938834944,0.2969237558231407,2.0,,,1.9883557783304882
Rd2.1.2_P1+2_MT_20210727,KQ258_10_P2.1-2,KQ258_L20_5-10-5_10uM_P2.1-2,0.499409347658908,0.2108353191901795,2.0,,,1.9883557783304882
Rd2.1.2_P1+2_MT_20210727,KQ280_10_P2.1-2,KQ280_L20_5-10-5_10uM_P2.1-2,0.0859314924345305,0.2816901573668333,2.0,0.22343627985133294,-0.7832155969130807,1.5664311938261606
Rd2.1.2_P1+2_MT_20210727,KQ280_10_P2.1-2,KQ280_L20_5-10-5_10uM_P2.1-2,1.6429928178237647,0.151607083407792,2.0,,,1.5664311938261606
Rd2.1.2_P1+2_MT_20210727,KQ280_10_P2.1-2,KQ280_L20_5-10-5_10uM_P2.1-2,0.620722480480946,0.2370115987793735,2.0,,,1.5664311938261606
Rd2.1.2_P1+2_MT_20210727,KQ280_10_P2.1-2,KQ280_L20_5-10-5_10uM_P2.1-2,0.9679748401272372,0.369737669156559,2.0,0.35430214975359925,0.7832155969130797,1.5664311938261606
Rd2.1.2_P1+2_MT_20210727,KQ280_10_P2.1-2,KQ280_L20_5-10-5_10uM_P2.1-2,0.7814174324033006,0.354151923964093,2.0,,,1.5664311938261606
Rd2.1.2_P1+2_MT_20210727,KQ280_10_P2.1-2,KQ280_L20_5-10-5_10uM_P2.1-2,0.6002545182087048,0.3390168561401459,2.0,,,1.5664311938261606
Rd2.1.2_P1+2_MT_20210727,KQ304_10_P2.1-2,KQ304_L20_5-10-5_10uM_P2.1-2,0.3896475955656599,0.7106992899324365,2.0,0.7560940265710316,0.18192770971853137,0.36385541943706556
Rd2.1.2_P1+2_MT_20210727,KQ304_10_P2.1-2,KQ304_L20_5-10-5_10uM_P2.1-2,0.9315281318545956,0.8156275883475109,2.0,,,0.36385541943706556
Rd2.1.2_P1+2_MT_20210727,KQ304_10_P2.1-2,KQ304_L20_5-10-5_10uM_P2.1-2,0.0039025928666596,0.7419552014331476,2.0,,,0.36385541943706556
Rd2.1.2_P1+2_MT_20210727,KQ304_10_P2.1-2,KQ304_L20_5-10-5_10uM_P2.1-2,1.2552334788933954,0.641954116989369,2.0,0.7271964853596269,-0.18192770971853417,0.36385541943706556
Rd2.1.2_P1+2_MT_20210727,KQ304_10_P2.1-2,KQ304_L20_5-10-5_10uM_P2.1-2,1.392305021120728,0.8522226709971842,2.0,,,0.36385541943706556
Rd2.1.2_P1+2_MT_20210727,KQ304_10_P2.1-2,KQ304_L20_5-10-5_10uM_P2.1-2,0.6828546713829351,0.6874126680923275,2.0,,,0.36385541943706556
Rd2.1.2_P1+2_MT_20210727,KQ305_10_P2.1-2,KQ305_L20_5-10-5_10uM_P2.1-2,1.7126468308837364,0.3394569922816867,2.0,0.5576562773267623,-0.7669018803585583,1.5338037607171162
Rd2.1.2_P1+2_MT_20210727,KQ305_10_P2.1-2,KQ305_L20_5-10-5_10uM_P2.1-2,0.1695374026160629,0.6954783210842849,2.0,,,1.5338037607171162
Rd2.1.2_P1+2_MT_20210727,KQ305_10_P2.1-2,KQ305_L20_5-10-5_10uM_P2.1-2,0.4185214075758725,0.6380335186143153,2.0,,,1.5338037607171162
Rd2.1.2_P1+2_MT_20210727,KQ305_10_P2.1-2,KQ305_L20_5-10-5_10uM_P2.1-2,0.5765555903536309,0.8676145376749476,2.0,0.9115306319316434,0.7669018803585579,1.5338037607171162
Rd2.1.2_P1+2_MT_20210727,KQ305_10_P2.1-2,KQ305_L20_5-10-5_10uM_P2.1-2,0.7134569145730665,0.8991999783900335,2.0,,,1.5338037607171162
Rd2.1.2_P1+2_MT_20210727,KQ305_10_P2.1-2,KQ305_L20_5-10-5_10uM_P2.1-2,1.0106931361489793,0.9677773797299491,2.0,,,1.5338037607171162
Rd2.1.2_P1+2_MT_20210727,KQ306_10_P2.1-2,KQ306_L20_5-10-5_10uM_P2.1-2,0.724147036394001,0.6322076799182929,2.0,0.5941053598135028,-0.8686903350481863,1.737380670096373
Rd2.1.2_P1+2_MT_20210727,KQ306_10_P2.1-2,KQ306_L20_5-10-5_10uM_P2.1-2,0.9890799079498318,0.5623700798891671,2.0,,,1.737380670096373
Rd2.1.2_P1+2_MT_20210727,KQ306_10_P2.1-2,KQ306_L20_5-10-5_10uM_P2.1-2,0.8928440608007285,0.5877383196330481,2.0,,,1.737380670096373
Rd2.1.2_P1+2_MT_20210727,KQ306_10_P2.1-2,KQ306_L20_5-10-5_10uM_P2.1-2,1.3298545188314372,1.173652530572875,2.0,1.0520873973914842,0.8686903350481866,1.737380670096373
Rd2.1.2_P1+2_MT_20210727,KQ306_10_P2.1-2,KQ306_L20_5-10-5_10uM_P2.1-2,0.8802695398572364,1.0551397323824607,2.0,,,1.737380670096373
Rd2.1.2_P1+2_MT_20210727,KQ306_10_P2.1-2,KQ306_L20_5-10-5_10uM_P2.1-2,0.3959469464558857,0.9274699292191166,2.0,,,1.737380670096373
Rd2.1.2_P1+2_MT_20210727,KQ331_10_P2.1-2,KQ331_L20_5-10-5_10uM_P2.1-2,0.6894864688406824,1.275485885326965,2.0,1.3307453084148906,0.9018907499548997,1.803781499909799
Rd2.1.2_P1+2_MT_20210727,KQ331_10_P2.1-2,KQ331_L20_5-10-5_10uM_P2.1-2,1.025573597537296,1.36292282747158,2.0,,,1.803781499909799
Rd2.1.2_P1+2_MT_20210727,KQ331_10_P2.1-2,KQ331_L20_5-10-5_10uM_P2.1-2,0.99061218348672,1.3538272124461272,2.0,,,1.803781499909799
Rd2.1.2_P1+2_MT_20210727,KQ331_10_P2.1-2,KQ331_L20_5-10-5_10uM_P2.1-2,0.9332011210272896,0.8533249966779141,2.0,0.8614707507703127,-0.9018907499548993,1.803781499909799
Rd2.1.2_P1+2_MT_20210727,KQ331_10_P2.1-2,KQ331_L20_5-10-5_10uM_P2.1-2,1.044038326878709,0.8244894194480296,2.0,,,1.803781499909799
Rd2.1.2_P1+2_MT_20210727,KQ331_10_P2.1-2,KQ331_L20_5-10-5_10uM_P2.1-2,0.7284328019587019,0.9065978361849945,2.0,,,1.803781499909799
Rd2.1.2_P1+2_MT_20210727,KQ332_10_P2.1-2,KQ332_L20_5-10-5_10uM_P2.1-2,1.3899460663356304,0.0850995631956289,2.0,0.23676283482642332,0.22995154804178025,0.45990309608356017
Rd2.1.2_P1+2_MT_20210727,KQ332_10_P2.1-2,KQ332_L20_5-10-5_10uM_P2.1-2,1.3127471403841875,0.3381398111146252,2.0,,,0.45990309608356017
Rd2.1.2_P1+2_MT_20210727,KQ332_10_P2.1-2,KQ332_L20_5-10-5_10uM_P2.1-2,0.7670535700767815,0.2870491301690158,2.0,,,0.45990309608356017
Rd2.1.2_P1+2_MT_20210727,KQ332_10_P2.1-2,KQ332_L20_5-10-5_10uM_P2.1-2,0.1500891482831561,0.2011814407642821,2.0,0.19370430596256538,-0.22995154804177995,0.45990309608356017
Rd2.1.2_P1+2_MT_20210727,KQ332_10_P2.1-2,KQ332_L20_5-10-5_10uM_P2.1-2,0.8121804295685737,0.1391929984412997,2.0,,,0.45990309608356017
Rd2.1.2_P1+2_MT_20210727,KQ332_10_P2.1-2,KQ332_L20_5-10-5_10uM_P2.1-2,0.2724149337263902,0.2407384786821144,2.0,,,0.45990309608356017
Rd2.1.2_P1+2_MT_20210727,KQ371_10_P2.1-2,KQ371_L20_5-10-5_10uM_P2.1-2,,,2.0,0.4357314958406529,1.4417536390961059,1.9223381854614745
Rd2.1.2_P1+2_MT_20210727,KQ371_10_P2.1-2,KQ371_L20_5-10-5_10uM_P2.1-2,,,2.0,,,1.9223381854614745
Rd2.1.2_P1+2_MT_20210727,KQ371_10_P2.1-2,KQ371_L20_5-10-5_10uM_P2.1-2,1.441753639096106,0.4357314958406529,2.0,,,1.9223381854614745
Rd2.1.2_P1+2_MT_20210727,KQ371_10_P2.1-2,KQ371_L20_5-10-5_10uM_P2.1-2,0.1216726495861755,0.2137289043441551,2.0,0.16276431984106263,-0.48058454636536874,1.9223381854614745
Rd2.1.2_P1+2_MT_20210727,KQ371_10_P2.1-2,KQ371_L20_5-10-5_10uM_P2.1-2,0.7927719926427248,0.1184344895139412,2.0,,,1.9223381854614745
Rd2.1.2_P1+2_MT_20210727,KQ371_10_P2.1-2,KQ371_L20_5-10-5_10uM_P2.1-2,0.5273089968672059,0.1561295656650916,2.0,,,1.9223381854614745
Rd2.1.2_P1+2_MT_20210727,KQ372_10_P2.1-2,KQ372_L20_5-10-5_10uM_P2.1-2,1.4126801071387551,0.1352885732880129,2.0,0.20628207374576013,-0.2996998402419721,0.5993996804839439
Rd2.1.2_P1+2_MT_20210727,KQ372_10_P2.1-2,KQ372_L20_5-10-5_10uM_P2.1-2,0.6701534831368818,0.1826520044186882,2.0,,,0.5993996804839439
Rd2.1.2_P1+2_MT_20210727,KQ372_10_P2.1-2,KQ372_L20_5-10-5_10uM_P2.1-2,1.183734069549723,0.3009056435305793,2.0,,,0.5993996804839439
Rd2.1.2_P1+2_MT_20210727,KQ372_10_P2.1-2,KQ372_L20_5-10-5_10uM_P2.1-2,0.4330902434024322,0.197773520692762,2.0,0.24451588862682558,0.2996998402419717,0.5993996804839439
Rd2.1.2_P1+2_MT_20210727,KQ372_10_P2.1-2,KQ372_L20_5-10-5_10uM_P2.1-2,0.8649301578160409,0.2805701476311756,2.0,,,0.5993996804839439
Rd2.1.2_P1+2_MT_20210727,KQ372_10_P2.1-2,KQ372_L20_5-10-5_10uM_P2.1-2,0.4672596063123082,0.2552039975565391,2.0,,,0.5993996804839439
Rd2.1.2_P1+2_MT_20210727,KQ373_10_P2.1-2,KQ373_L20_5-10-5_10uM_P2.1-2,1.1595322681544995,0.1913378956838875,2.0,0.24361416341209716,-0.15772260014139092,0.31544520028278233
Rd2.1.2_P1+2_MT_20210727,KQ373_10_P2.1-2,KQ373_L20_5-10-5_10uM_P2.1-2,0.1387481005906362,0.2446042876344869,2.0,,,0.31544520028278233
Rd2.1.2_P1+2_MT_20210727,KQ373_10_P2.1-2,KQ373_L20_5-10-5_10uM_P2.1-2,0.8251125683209632,0.294900306917917,2.0,,,0.31544520028278233
Rd2.1.2_P1+2_MT_20210727,KQ373_10_P2.1-2,KQ373_L20_5-10-5_10uM_P2.1-2,0.0795964534943157,0.2559979073317088,2.0,0.2600746730978009,0.15772260014139144,0.31544520028278233
Rd2.1.2_P1+2_MT_20210727,KQ373_10_P2.1-2,KQ373_L20_5-10-5_10uM_P2.1-2,1.0014710467997188,0.1995858204033385,2.0,,,0.31544520028278233
Rd2.1.2_P1+2_MT_20210727,KQ373_10_P2.1-2,KQ373_L20_5-10-5_10uM_P2.1-2,1.3950423937295808,0.3246402915583555,2.0,,,0.31544520028278233
Rd2.1.2_P1+2_MT_20210727,KQ426_10_P2.1-2,KQ426_L20_5-10-5_10uM_P2.1-2,1.4809847482760656,0.2257986292315291,2.0,0.46938009261999464,-0.242717546640542,0.48543509328108425
Rd2.1.2_P1+2_MT_20210727,KQ426_10_P2.1-2,KQ426_L20_5-10-5_10uM_P2.1-2,0.5923373134481389,0.4006058455786076,2.0,,,0.48543509328108425
Rd2.1.2_P1+2_MT_20210727,KQ426_10_P2.1-2,KQ426_L20_5-10-5_10uM_P2.1-2,1.3451694218025785,0.7817358030498471,2.0,,,0.48543509328108425
Rd2.1.2_P1+2_MT_20210727,KQ426_10_P2.1-2,KQ426_L20_5-10-5_10uM_P2.1-2,0.1262314160131379,0.5419566157808593,2.0,0.5648707833572971,0.24271754664054226,0.48543509328108425
Rd2.1.2_P1+2_MT_20210727,KQ426_10_P2.1-2,KQ426_L20_5-10-5_10uM_P2.1-2,0.1729860932951993,0.4830970750512733,2.0,,,0.48543509328108425
Rd2.1.2_P1+2_MT_20210727,KQ426_10_P2.1-2,KQ426_L20_5-10-5_10uM_P2.1-2,0.774907317203689,0.6695586592397589,2.0,,,0.48543509328108425
Rd2.1.2_P1+2_MT_20210727,KQ479_10_P2.1-2,KQ479_L20_5-10-5_10uM_P2.1-2,1.8811037513485929,,2.0,0.6098364202219047,0.8357863314666305,1.392977219111053
Rd2.1.2_P1+2_MT_20210727,KQ479_10_P2.1-2,KQ479_L20_5-10-5_10uM_P2.1-2,0.4954262090010151,0.5698895403222901,2.0,,,1.392977219111053
Rd2.1.2_P1+2_MT_20210727,KQ479_10_P2.1-2,KQ479_L20_5-10-5_10uM_P2.1-2,0.9826291831489088,0.6497833001215193,2.0,,,1.392977219111053
Rd2.1.2_P1+2_MT_20210727,KQ479_10_P2.1-2,KQ479_L20_5-10-5_10uM_P2.1-2,0.214628366717386,0.453451561231528,2.0,0.510678531485176,-0.5571908876444225,1.392977219111053
Rd2.1.2_P1+2_MT_20210727,KQ479_10_P2.1-2,KQ479_L20_5-10-5_10uM_P2.1-2,0.3913423987753157,0.5528214036843633,2.0,,,1.392977219111053
Rd2.1.2_P1+2_MT_20210727,KQ479_10_P2.1-2,KQ479_L20_5-10-5_10uM_P2.1-2,0.2263343271407386,0.5257626295396367,2.0,,,1.392977219111053
Rd2.1.2_P1+2_MT_20210727,KQ480_10_P2.1-2,KQ480_L20_5-10-5_10uM_P2.1-2,0.2612898474391424,0.3973113258696584,2.0,0.3170760126677992,-0.8365993271743929,1.6731986543487847
Rd2.1.2_P1+2_MT_20210727,KQ480_10_P2.1-2,KQ480_L20_5-10-5_10uM_P2.1-2,0.9881865951395088,0.2959349532015233,2.0,,,1.6731986543487847
Rd2.1.2_P1+2_MT_20210727,KQ480_10_P2.1-2,KQ480_L20_5-10-5_10uM_P2.1-2,1.2603215389445277,0.2579817589322161,2.0,,,1.6731986543487847
Rd2.1.2_P1+2_MT_20210727,KQ480_10_P2.1-2,KQ480_L20_5-10-5_10uM_P2.1-2,0.4553058385375956,0.4972510649643517,2.0,0.550428013302977,0.8365993271743918,1.6731986543487847
Rd2.1.2_P1+2_MT_20210727,KQ480_10_P2.1-2,KQ480_L20_5-10-5_10uM_P2.1-2,1.183822087988211,0.5988533008152419,2.0,,,1.6731986543487847
Rd2.1.2_P1+2_MT_20210727,KQ480_10_P2.1-2,KQ480_L20_5-10-5_10uM_P2.1-2,0.8706700549973678,0.5551796741293374,2.0,,,1.6731986543487847
Rd2.1.2_P1+2_MT_20210727,KQ500_10_P2.1-2,KQ500_L20_5-10-5_10uM_P2.1-2,0.3624682230404801,0.0937200125748863,2.0,0.08953411621869455,-0.3199913850498481,0.5333189750830801
Rd2.1.2_P1+2_MT_20210727,KQ500_10_P2.1-2,KQ500_L20_5-10-5_10uM_P2.1-2,0.4989660481194262,0.0853482198625028,2.0,,,0.5333189750830801
Rd2.1.2_P1+2_MT_20210727,KQ500_10_P2.1-2,KQ500_L20_5-10-5_10uM_P2.1-2,2.0368935077004813,,2.0,,,0.5333189750830801
Rd2.1.2_P1+2_MT_20210727,KQ500_10_P2.1-2,KQ500_L20_5-10-5_10uM_P2.1-2,0.3278962750526406,0.0958404066694449,2.0,0.09191980175251546,0.21332759003323204,0.5333189750830801
Rd2.1.2_P1+2_MT_20210727,KQ500_10_P2.1-2,KQ500_L20_5-10-5_10uM_P2.1-2,0.468598075667568,0.0872107723999904,2.0,,,0.5333189750830801
Rd2.1.2_P1+2_MT_20210727,KQ500_10_P2.1-2,KQ500_L20_5-10-5_10uM_P2.1-2,0.3789648858203666,0.0927082261881111,2.0,,,0.5333189750830801
Rd2.1.2_P1+2_MT_20210727,KQ501_10_P2.1-2,KQ501_L20_5-10-5_10uM_P2.1-2,0.5394338353195887,0.3497274918688883,2.0,0.32268621842073214,0.1881940039336884,0.3763880078673761
Rd2.1.2_P1+2_MT_20210727,KQ501_10_P2.1-2,KQ501_L20_5-10-5_10uM_P2.1-2,0.0377001910370733,0.3052950624335167,2.0,,,0.3763880078673761
Rd2.1.2_P1+2_MT_20210727,KQ501_10_P2.1-2,KQ501_L20_5-10-5_10uM_P2.1-2,0.0628483675185484,0.3130361009597914,2.0,,,0.3763880078673761
Rd2.1.2_P1+2_MT_20210727,KQ501_10_P2.1-2,KQ501_L20_5-10-5_10uM_P2.1-2,1.5580745253325246,0.4281506631116588,2.0,0.2937088356359019,-0.18819400393368768,0.3763880078673761
Rd2.1.2_P1+2_MT_20210727,KQ501_10_P2.1-2,KQ501_L20_5-10-5_10uM_P2.1-2,0.9536057040775712,0.2347812732283551,2.0,,,0.3763880078673761
Rd2.1.2_P1+2_MT_20210727,KQ501_10_P2.1-2,KQ501_L20_5-10-5_10uM_P2.1-2,1.1690508330560174,0.2181945705676918,2.0,,,0.3763880078673761
Rd2.1.2_P1+2_MT_20210727,KQ830_10_P2.1-2,KQ830_L20_5-10-5_10uM_P2.1-2,0.4691718255529619,1.2736779132181664,2.0,1.1870569879486437,-0.3670311340929878,0.7340622681859756
Rd2.1.2_P1+2_MT_20210727,KQ830_10_P2.1-2,KQ830_L20_5-10-5_10uM_P2.1-2,1.36212446611392,1.0839768634945506,2.0,,,0.7340622681859756
Rd2.1.2_P1+2_MT_20210727,KQ830_10_P2.1-2,KQ830_L20_5-10-5_10uM_P2.1-2,0.20814076171801,1.2035161871332136,2.0,,,0.7340622681859756
Rd2.1.2_P1+2_MT_20210727,KQ830_10_P2.1-2,KQ830_L20_5-10-5_10uM_P2.1-2,0.3348888319537795,1.1903865575459214,2.0,1.2630973225853876,0.3670311340929878,0.7340622681859756
Rd2.1.2_P1+2_MT_20210727,KQ830_10_P2.1-2,KQ830_L20_5-10-5_10uM_P2.1-2,1.6501925819160197,1.3960179617657034,2.0,,,0.7340622681859756
Rd2.1.2_P1+2_MT_20210727,KQ830_10_P2.1-2,KQ830_L20_5-10-5_10uM_P2.1-2,0.2142103476832743,1.2028874484445384,2.0,,,0.7340622681859756
Rd2.1.2_P1+2_MT_20210727,TY779PD_10_P2.1-2,TY779PD_10uM_P2.1-2,0.9029946773429371,0.809024972665608,2.0,0.7994639951698854,0.8657485914529546,1.7314971829059091
Rd2.1.2_P1+2_MT_20210727,TY779PD_10_P2.1-2,TY779PD_10uM_P2.1-2,0.886542621951758,0.8048017710164986,2.0,,,1.7314971829059091
Rd2.1.2_P1+2_MT_20210727,TY779PD_10_P2.1-2,TY779PD_10uM_P2.1-2,0.8077084750641685,0.7845652418275498,2.0,,,1.7314971829059091
Rd2.1.2_P1+2_MT_20210727,TY779PD_10_P2.1-2,TY779PD_10uM_P2.1-2,0.9405871332648528,0.3357821128706375,2.0,0.3549929801867302,-0.8657485914529546,1.7314971829059091
Rd2.1.2_P1+2_MT_20210727,TY779PD_10_P2.1-2,TY779PD_10uM_P2.1-2,1.3229436802473793,0.2376321394253655,2.0,,,1.7314971829059091
Rd2.1.2_P1+2_MT_20210727,TY779PD_10_P2.1-2,TY779PD_10uM_P2.1-2,0.3337149608466312,0.4915646882641875,2.0,,,1.7314971829059091
