Experiment Name,Position,SampleName,ASO Short Description ,Target SNP ID,CrossingPoint,CrossingPoint.1
Rd2.3_P3+4_WT_20210726,G7,Ionis1375651_10_P2.3-3,Ionis1375651_10uM_P2.3-3,,33.8621947638957,24.5535869366334
Rd2.3_P3+4_WT_20210726,G8,Ionis1375651_10_P2.3-3,Ionis1375651_10uM_P2.3-3,,33.9450055537593,24.5862261319799
Rd2.3_P3+4_WT_20210726,G9,Ionis1375651_10_P2.3-3,Ionis1375651_10uM_P2.3-3,,33.8967955920585,24.6604744903793
Rd2.3_P3+4_WT_20210726,H7,Ionis1375651_10_P2.3-3,Ionis1375651_10uM_P2.3-3,,35.1781103541281,25.4086167145873
Rd2.3_P3+4_WT_20210726,H8,Ionis1375651_10_P2.3-3,Ionis1375651_10uM_P2.3-3,,35.5084617792645,25.5264064126708
Rd2.3_P3+4_WT_20210726,H9,Ionis1375651_10_P2.3-3,Ionis1375651_10uM_P2.3-3,,35.724044930979,25.5830556958411
Rd2.3_P3+4_WT_20210726,O7,Ionis1375651_10_P2.3-4,Ionis1375651_10uM_P2.3-4,,34.8751020882015,24.6824495607126
Rd2.3_P3+4_WT_20210726,O8,Ionis1375651_10_P2.3-4,Ionis1375651_10uM_P2.3-4,,34.8709006070782,24.7637583118576
Rd2.3_P3+4_WT_20210726,O9,Ionis1375651_10_P2.3-4,Ionis1375651_10uM_P2.3-4,,33.7941556442154,24.7668677073418
Rd2.3_P3+4_WT_20210726,P7,Ionis1375651_10_P2.3-4,Ionis1375651_10uM_P2.3-4,,35.6748010685779,25.607537557761
Rd2.3_P3+4_WT_20210726,P8,Ionis1375651_10_P2.3-4,Ionis1375651_10uM_P2.3-4,,35.1527074600726,25.6543294866065
Rd2.3_P3+4_WT_20210726,P9,Ionis1375651_10_P2.3-4,Ionis1375651_10uM_P2.3-4,,35.6547909757047,25.7298620644248
Rd2.3_P3+4_WT_20210726,G10,Ionis1375651_3_P2.3-3,Ionis1375651_3uM_P2.3-3,,31.1272282218858,23.1345095828713
Rd2.3_P3+4_WT_20210726,G11,Ionis1375651_3_P2.3-3,Ionis1375651_3uM_P2.3-3,,31.2875154307294,23.1923281976385
Rd2.3_P3+4_WT_20210726,G12,Ionis1375651_3_P2.3-3,Ionis1375651_3uM_P2.3-3,,31.1310830736766,23.2560482998762
Rd2.3_P3+4_WT_20210726,H10,Ionis1375651_3_P2.3-3,Ionis1375651_3uM_P2.3-3,,32.1057911865226,23.5241477809382
Rd2.3_P3+4_WT_20210726,H11,Ionis1375651_3_P2.3-3,Ionis1375651_3uM_P2.3-3,,31.9391757510473,23.5693485434137
Rd2.3_P3+4_WT_20210726,H12,Ionis1375651_3_P2.3-3,Ionis1375651_3uM_P2.3-3,,32.2872125122053,23.6279965951483
Rd2.3_P3+4_WT_20210726,O10,Ionis1375651_3_P2.3-4,Ionis1375651_3uM_P2.3-4,,31.1970833579839,23.2576510406725
Rd2.3_P3+4_WT_20210726,O11,Ionis1375651_3_P2.3-4,Ionis1375651_3uM_P2.3-4,,31.4814683193832,23.2897713654557
Rd2.3_P3+4_WT_20210726,O12,Ionis1375651_3_P2.3-4,Ionis1375651_3uM_P2.3-4,,31.6078809579724,23.3101822856556
Rd2.3_P3+4_WT_20210726,P10,Ionis1375651_3_P2.3-4,Ionis1375651_3uM_P2.3-4,,33.2830283048127,24.7790579657972
Rd2.3_P3+4_WT_20210726,P11,Ionis1375651_3_P2.3-4,Ionis1375651_3uM_P2.3-4,,33.245530517667,24.7931588846735
Rd2.3_P3+4_WT_20210726,P12,Ionis1375651_3_P2.3-4,Ionis1375651_3uM_P2.3-4,,33.0992901622991,24.7692164630884
Rd2.3_P3+4_WT_20210726,G13,Ionis676630_10_P2.3-3,Ionis676630_10uM_P2.3-3,,30.6630443378697,23.5258940565739
Rd2.3_P3+4_WT_20210726,G14,Ionis676630_10_P2.3-3,Ionis676630_10uM_P2.3-3,,30.7783917957797,23.5919591679937
Rd2.3_P3+4_WT_20210726,G15,Ionis676630_10_P2.3-3,Ionis676630_10uM_P2.3-3,,30.7272702977769,23.6278938396183
Rd2.3_P3+4_WT_20210726,H13,Ionis676630_10_P2.3-3,Ionis676630_10uM_P2.3-3,,33.7941570010374,26.2738691401476
Rd2.3_P3+4_WT_20210726,H14,Ionis676630_10_P2.3-3,Ionis676630_10uM_P2.3-3,,33.5946731619361,26.3576240040201
Rd2.3_P3+4_WT_20210726,H15,Ionis676630_10_P2.3-3,Ionis676630_10uM_P2.3-3,,33.5137586698913,26.3753788880643
Rd2.3_P3+4_WT_20210726,O13,Ionis676630_10_P2.3-4,Ionis676630_10uM_P2.3-4,,31.6230456250874,23.9395667160889
Rd2.3_P3+4_WT_20210726,O14,Ionis676630_10_P2.3-4,Ionis676630_10uM_P2.3-4,,31.4944262890062,24.0051801669725
Rd2.3_P3+4_WT_20210726,O15,Ionis676630_10_P2.3-4,Ionis676630_10uM_P2.3-4,,31.5944925775423,24.0070812863959
Rd2.3_P3+4_WT_20210726,P13,Ionis676630_10_P2.3-4,Ionis676630_10uM_P2.3-4,,32.9663957796452,25.8934816338062
Rd2.3_P3+4_WT_20210726,P14,Ionis676630_10_P2.3-4,Ionis676630_10uM_P2.3-4,,33.6239578232118,25.9597929959876
Rd2.3_P3+4_WT_20210726,P15,Ionis676630_10_P2.3-4,Ionis676630_10uM_P2.3-4,,34.0094794783887,26.0699666114941
Rd2.3_P3+4_WT_20210726,G16,Ionis676630_3_P2.3-3,Ionis676630_3uM_P2.3-3,,29.7043466237474,22.9494933328136
Rd2.3_P3+4_WT_20210726,G17,Ionis676630_3_P2.3-3,Ionis676630_3uM_P2.3-3,,29.6916568249654,22.9908876132122
Rd2.3_P3+4_WT_20210726,G18,Ionis676630_3_P2.3-3,Ionis676630_3uM_P2.3-3,,29.7711909519791,23.0015226122132
Rd2.3_P3+4_WT_20210726,H16,Ionis676630_3_P2.3-3,Ionis676630_3uM_P2.3-3,,29.9387833152836,22.9559452154452
Rd2.3_P3+4_WT_20210726,H17,Ionis676630_3_P2.3-3,Ionis676630_3uM_P2.3-3,,30.0908055945026,22.9692611814829
Rd2.3_P3+4_WT_20210726,H18,Ionis676630_3_P2.3-3,Ionis676630_3uM_P2.3-3,,29.9510187611595,23.0338330527456
Rd2.3_P3+4_WT_20210726,O16,Ionis676630_3_P2.3-4,Ionis676630_3uM_P2.3-4,,30.0883334090353,22.8460684871441
Rd2.3_P3+4_WT_20210726,O17,Ionis676630_3_P2.3-4,Ionis676630_3uM_P2.3-4,,30.0700194260928,22.9022498840972
Rd2.3_P3+4_WT_20210726,O18,Ionis676630_3_P2.3-4,Ionis676630_3uM_P2.3-4,,30.2097354274967,22.9687826947789
Rd2.3_P3+4_WT_20210726,P16,Ionis676630_3_P2.3-4,Ionis676630_3uM_P2.3-4,,30.742416534,23.6520165641191
Rd2.3_P3+4_WT_20210726,P17,Ionis676630_3_P2.3-4,Ionis676630_3uM_P2.3-4,,30.9825552200124,23.7202047665103
Rd2.3_P3+4_WT_20210726,P18,Ionis676630_3_P2.3-4,Ionis676630_3uM_P2.3-4,,30.9452741232417,23.6704892329686
Rd2.3_P3+4_WT_20210726,F4,KQ273_10_P2.3-3,KQ273_L20_5-10-5_10uM_P2.3-3,rs3827018,31.7794796153008,23.7916274105963
Rd2.3_P3+4_WT_20210726,F5,KQ273_10_P2.3-3,KQ273_L20_5-10-5_10uM_P2.3-3,rs3827018,31.9677249245057,23.8287212587622
Rd2.3_P3+4_WT_20210726,F6,KQ273_10_P2.3-3,KQ273_L20_5-10-5_10uM_P2.3-3,rs3827018,32.004374373185,23.844196890897
Rd2.3_P3+4_WT_20210726,F16,KQ273_10_P2.3-3,KQ273_L20_5-10-5_10uM_P2.3-3,rs3827018,32.5965386641746,23.8926547972972
Rd2.3_P3+4_WT_20210726,F17,KQ273_10_P2.3-3,KQ273_L20_5-10-5_10uM_P2.3-3,rs3827018,32.6935736995746,23.9095951804289
Rd2.3_P3+4_WT_20210726,F18,KQ273_10_P2.3-3,KQ273_L20_5-10-5_10uM_P2.3-3,rs3827018,33.1218373628476,23.9662514924667
Rd2.3_P3+4_WT_20210726,F10,KQ273_3_P2.3-3,KQ273_L20_5-10-5_3uM_P2.3-3,rs3827018,30.1830154216176,22.7987665469198
Rd2.3_P3+4_WT_20210726,F11,KQ273_3_P2.3-3,KQ273_L20_5-10-5_3uM_P2.3-3,rs3827018,30.3245122500095,22.8212226581786
Rd2.3_P3+4_WT_20210726,F12,KQ273_3_P2.3-3,KQ273_L20_5-10-5_3uM_P2.3-3,rs3827018,30.2771336533712,22.8721625940014
Rd2.3_P3+4_WT_20210726,F22,KQ273_3_P2.3-3,KQ273_L20_5-10-5_3uM_P2.3-3,rs3827018,30.1552282826781,22.6695525107903
Rd2.3_P3+4_WT_20210726,F23,KQ273_3_P2.3-3,KQ273_L20_5-10-5_3uM_P2.3-3,rs3827018,30.1498134180125,22.7563165125491
Rd2.3_P3+4_WT_20210726,F24,KQ273_3_P2.3-3,KQ273_L20_5-10-5_3uM_P2.3-3,rs3827018,30.3066141683283,22.7779804213908
Rd2.3_P3+4_WT_20210726,E4,KQ274_10_P2.3-3,KQ274_L20_5-10-5_10uM_P2.3-3,rs3827018,35.8765816991004,27.9772350999383
Rd2.3_P3+4_WT_20210726,E5,KQ274_10_P2.3-3,KQ274_L20_5-10-5_10uM_P2.3-3,rs3827018,36.0860297468584,27.97871888697
Rd2.3_P3+4_WT_20210726,E6,KQ274_10_P2.3-3,KQ274_L20_5-10-5_10uM_P2.3-3,rs3827018,35.0844798134732,28.0300839990908
Rd2.3_P3+4_WT_20210726,E16,KQ274_10_P2.3-3,KQ274_L20_5-10-5_10uM_P2.3-3,rs3827018,34.5456918430341,27.160994051368
Rd2.3_P3+4_WT_20210726,E17,KQ274_10_P2.3-3,KQ274_L20_5-10-5_10uM_P2.3-3,rs3827018,35.003676471211,27.2006595183052
Rd2.3_P3+4_WT_20210726,E18,KQ274_10_P2.3-3,KQ274_L20_5-10-5_10uM_P2.3-3,rs3827018,34.5941519784728,27.3054584734069
Rd2.3_P3+4_WT_20210726,E10,KQ274_3_P2.3-3,KQ274_L20_5-10-5_3uM_P2.3-3,rs3827018,32.7019289646566,25.3201979746251
Rd2.3_P3+4_WT_20210726,E11,KQ274_3_P2.3-3,KQ274_L20_5-10-5_3uM_P2.3-3,rs3827018,32.5768454601938,25.3594041262328
Rd2.3_P3+4_WT_20210726,E12,KQ274_3_P2.3-3,KQ274_L20_5-10-5_3uM_P2.3-3,rs3827018,32.6793935155496,25.388179680916
Rd2.3_P3+4_WT_20210726,E22,KQ274_3_P2.3-3,KQ274_L20_5-10-5_3uM_P2.3-3,rs3827018,33.9514151495485,26.1924082279632
Rd2.3_P3+4_WT_20210726,E23,KQ274_3_P2.3-3,KQ274_L20_5-10-5_3uM_P2.3-3,rs3827018,33.6208396405138,26.2300996585764
Rd2.3_P3+4_WT_20210726,E24,KQ274_3_P2.3-3,KQ274_L20_5-10-5_3uM_P2.3-3,rs3827018,34.3392994894912,26.2790057485604
Rd2.3_P3+4_WT_20210726,D4,KQ288_10_P2.3-3,KQ288_L20_5-10-5_10uM_P2.3-3,rs4809561,31.6143924773685,23.7658605378117
Rd2.3_P3+4_WT_20210726,D5,KQ288_10_P2.3-3,KQ288_L20_5-10-5_10uM_P2.3-3,rs4809561,31.5866099790642,23.78004928752
Rd2.3_P3+4_WT_20210726,D6,KQ288_10_P2.3-3,KQ288_L20_5-10-5_10uM_P2.3-3,rs4809561,31.467843168017,23.8112279215261
Rd2.3_P3+4_WT_20210726,D16,KQ288_10_P2.3-3,KQ288_L20_5-10-5_10uM_P2.3-3,rs4809561,31.8908503827554,24.0692581253387
Rd2.3_P3+4_WT_20210726,D17,KQ288_10_P2.3-3,KQ288_L20_5-10-5_10uM_P2.3-3,rs4809561,31.9479510143005,24.0589988313486
Rd2.3_P3+4_WT_20210726,D18,KQ288_10_P2.3-3,KQ288_L20_5-10-5_10uM_P2.3-3,rs4809561,31.9725470568953,24.114071431199
Rd2.3_P3+4_WT_20210726,D10,KQ288_3_P2.3-3,KQ288_L20_5-10-5_3uM_P2.3-3,rs4809561,30.1146170167948,22.9625443580857
Rd2.3_P3+4_WT_20210726,D11,KQ288_3_P2.3-3,KQ288_L20_5-10-5_3uM_P2.3-3,rs4809561,30.1498591662581,23.0768149232779
Rd2.3_P3+4_WT_20210726,D12,KQ288_3_P2.3-3,KQ288_L20_5-10-5_3uM_P2.3-3,rs4809561,30.1721308887509,23.057166604717
Rd2.3_P3+4_WT_20210726,D22,KQ288_3_P2.3-3,KQ288_L20_5-10-5_3uM_P2.3-3,rs4809561,30.3749458158362,23.1255650303396
Rd2.3_P3+4_WT_20210726,D23,KQ288_3_P2.3-3,KQ288_L20_5-10-5_3uM_P2.3-3,rs4809561,30.2300544113992,23.1510592818585
Rd2.3_P3+4_WT_20210726,D24,KQ288_3_P2.3-3,KQ288_L20_5-10-5_3uM_P2.3-3,rs4809561,30.4542822356699,23.1596452721684
Rd2.3_P3+4_WT_20210726,C4,KQ426_10_P2.3-3,KQ426_L20_5-10-5_10uM_P2.3-3,rs4809561,35.054763697954,27.2779993891002
Rd2.3_P3+4_WT_20210726,C5,KQ426_10_P2.3-3,KQ426_L20_5-10-5_10uM_P2.3-3,rs4809561,35.4580910435839,27.3275768001353
Rd2.3_P3+4_WT_20210726,C6,KQ426_10_P2.3-3,KQ426_L20_5-10-5_10uM_P2.3-3,rs4809561,34.8865186377039,27.353247166662
Rd2.3_P3+4_WT_20210726,C16,KQ426_10_P2.3-3,KQ426_L20_5-10-5_10uM_P2.3-3,rs4809561,34.1021963493036,26.128917762068
Rd2.3_P3+4_WT_20210726,C17,KQ426_10_P2.3-3,KQ426_L20_5-10-5_10uM_P2.3-3,rs4809561,33.9178525139455,26.127369744078
Rd2.3_P3+4_WT_20210726,C18,KQ426_10_P2.3-3,KQ426_L20_5-10-5_10uM_P2.3-3,rs4809561,33.9382702674893,26.1958638954065
Rd2.3_P3+4_WT_20210726,C10,KQ426_3_P2.3-3,KQ426_L20_5-10-5_3uM_P2.3-3,rs4809561,29.79996983799,22.7483732548304
Rd2.3_P3+4_WT_20210726,C11,KQ426_3_P2.3-3,KQ426_L20_5-10-5_3uM_P2.3-3,rs4809561,29.8776672970202,22.8314216008871
Rd2.3_P3+4_WT_20210726,C12,KQ426_3_P2.3-3,KQ426_L20_5-10-5_3uM_P2.3-3,rs4809561,29.9517856251403,22.8190743447988
Rd2.3_P3+4_WT_20210726,C22,KQ426_3_P2.3-3,KQ426_L20_5-10-5_3uM_P2.3-3,rs4809561,30.4773112298204,23.1882080092863
Rd2.3_P3+4_WT_20210726,C23,KQ426_3_P2.3-3,KQ426_L20_5-10-5_3uM_P2.3-3,rs4809561,30.5221634963462,23.1690352386649
Rd2.3_P3+4_WT_20210726,C24,KQ426_3_P2.3-3,KQ426_L20_5-10-5_3uM_P2.3-3,rs4809561,30.3307573087341,23.2333985287404
Rd2.3_P3+4_WT_20210726,J1,KQ455_10_P2.3-4,KQ455_L20_5-10-5_10uM_P2.3-4,rs112267440,32.0305909677051,24.945647088455
Rd2.3_P3+4_WT_20210726,J2,KQ455_10_P2.3-4,KQ455_L20_5-10-5_10uM_P2.3-4,rs112267440,32.3762689749629,24.9616818462725
Rd2.3_P3+4_WT_20210726,J3,KQ455_10_P2.3-4,KQ455_L20_5-10-5_10uM_P2.3-4,rs112267440,32.0890881331745,24.9706077674811
Rd2.3_P3+4_WT_20210726,J13,KQ455_10_P2.3-4,KQ455_L20_5-10-5_10uM_P2.3-4,rs112267440,31.64283846046,24.4583494384365
Rd2.3_P3+4_WT_20210726,J14,KQ455_10_P2.3-4,KQ455_L20_5-10-5_10uM_P2.3-4,rs112267440,31.7543372339125,24.5922304319644
Rd2.3_P3+4_WT_20210726,J15,KQ455_10_P2.3-4,KQ455_L20_5-10-5_10uM_P2.3-4,rs112267440,31.945464319463,24.6118506011719
Rd2.3_P3+4_WT_20210726,J7,KQ455_3_P2.3-4,KQ455_L20_5-10-5_3uM_P2.3-4,rs112267440,31.0048152757206,23.7912274975243
Rd2.3_P3+4_WT_20210726,J8,KQ455_3_P2.3-4,KQ455_L20_5-10-5_3uM_P2.3-4,rs112267440,31.0359727540312,23.7859463748968
Rd2.3_P3+4_WT_20210726,J9,KQ455_3_P2.3-4,KQ455_L20_5-10-5_3uM_P2.3-4,rs112267440,31.11209580807,23.8224252557014
Rd2.3_P3+4_WT_20210726,J19,KQ455_3_P2.3-4,KQ455_L20_5-10-5_3uM_P2.3-4,rs112267440,30.6602713853137,23.1811506612566
Rd2.3_P3+4_WT_20210726,J20,KQ455_3_P2.3-4,KQ455_L20_5-10-5_3uM_P2.3-4,rs112267440,30.7511672899626,23.2226903406749
Rd2.3_P3+4_WT_20210726,J21,KQ455_3_P2.3-4,KQ455_L20_5-10-5_3uM_P2.3-4,rs112267440,30.536859267906,23.2960778042197
Rd2.3_P3+4_WT_20210726,K4,KQ479_10_P2.3-4,KQ479_L20_5-10-5_10uM_P2.3-4,rs34659510,32.2532673209711,24.6434388348945
Rd2.3_P3+4_WT_20210726,K5,KQ479_10_P2.3-4,KQ479_L20_5-10-5_10uM_P2.3-4,rs34659510,32.3050757537418,24.6279415278343
Rd2.3_P3+4_WT_20210726,K6,KQ479_10_P2.3-4,KQ479_L20_5-10-5_10uM_P2.3-4,rs34659510,32.5550399523395,24.6777490054861
Rd2.3_P3+4_WT_20210726,K16,KQ479_10_P2.3-4,KQ479_L20_5-10-5_10uM_P2.3-4,rs34659510,31.3756877025937,23.6396259525926
Rd2.3_P3+4_WT_20210726,K17,KQ479_10_P2.3-4,KQ479_L20_5-10-5_10uM_P2.3-4,rs34659510,31.6461454188668,23.6951680029995
Rd2.3_P3+4_WT_20210726,K18,KQ479_10_P2.3-4,KQ479_L20_5-10-5_10uM_P2.3-4,rs34659510,31.4735657032515,23.7650144595617
Rd2.3_P3+4_WT_20210726,K10,KQ479_3_P2.3-4,KQ479_L20_5-10-5_3uM_P2.3-4,rs34659510,31.0908289369807,23.6869088163675
Rd2.3_P3+4_WT_20210726,K11,KQ479_3_P2.3-4,KQ479_L20_5-10-5_3uM_P2.3-4,rs34659510,31.0544551082612,23.7863857340873
Rd2.3_P3+4_WT_20210726,K12,KQ479_3_P2.3-4,KQ479_L20_5-10-5_3uM_P2.3-4,rs34659510,31.0337220896918,23.8389317426851
Rd2.3_P3+4_WT_20210726,K22,KQ479_3_P2.3-4,KQ479_L20_5-10-5_3uM_P2.3-4,rs34659510,30.0822613252949,23.088029012854
Rd2.3_P3+4_WT_20210726,K23,KQ479_3_P2.3-4,KQ479_L20_5-10-5_3uM_P2.3-4,rs34659510,30.1588163824471,23.1044792319406
Rd2.3_P3+4_WT_20210726,K24,KQ479_3_P2.3-4,KQ479_L20_5-10-5_3uM_P2.3-4,rs34659510,29.9573604167039,23.1837992589884
Rd2.3_P3+4_WT_20210726,J4,KQ480_10_P2.3-4,KQ480_L20_5-10-5_10uM_P2.3-4,rs34659510,33.6972332113531,26.1888561035097
Rd2.3_P3+4_WT_20210726,J5,KQ480_10_P2.3-4,KQ480_L20_5-10-5_10uM_P2.3-4,rs34659510,33.5000037435351,26.2173182545409
Rd2.3_P3+4_WT_20210726,J6,KQ480_10_P2.3-4,KQ480_L20_5-10-5_10uM_P2.3-4,rs34659510,33.1648576634699,26.2920232066598
Rd2.3_P3+4_WT_20210726,J16,KQ480_10_P2.3-4,KQ480_L20_5-10-5_10uM_P2.3-4,rs34659510,32.2419555916332,24.6960993399093
Rd2.3_P3+4_WT_20210726,J17,KQ480_10_P2.3-4,KQ480_L20_5-10-5_10uM_P2.3-4,rs34659510,32.6027851480836,24.7257025874773
Rd2.3_P3+4_WT_20210726,J18,KQ480_10_P2.3-4,KQ480_L20_5-10-5_10uM_P2.3-4,rs34659510,32.4531348084652,24.7700133457707
Rd2.3_P3+4_WT_20210726,J10,KQ480_3_P2.3-4,KQ480_L20_5-10-5_3uM_P2.3-4,rs34659510,31.8213201526525,24.3246791536358
Rd2.3_P3+4_WT_20210726,J11,KQ480_3_P2.3-4,KQ480_L20_5-10-5_3uM_P2.3-4,rs34659510,31.2305671550436,24.3930172336137
Rd2.3_P3+4_WT_20210726,J12,KQ480_3_P2.3-4,KQ480_L20_5-10-5_3uM_P2.3-4,rs34659510,31.7180167350726,24.4076612800912
Rd2.3_P3+4_WT_20210726,J22,KQ480_3_P2.3-4,KQ480_L20_5-10-5_3uM_P2.3-4,rs34659510,30.3488960092903,23.4813197503337
Rd2.3_P3+4_WT_20210726,J23,KQ480_3_P2.3-4,KQ480_L20_5-10-5_3uM_P2.3-4,rs34659510,30.5005445858398,23.4838180177631
Rd2.3_P3+4_WT_20210726,J24,KQ480_3_P2.3-4,KQ480_L20_5-10-5_3uM_P2.3-4,rs34659510,30.2173059585111,23.5324903258939
Rd2.3_P3+4_WT_20210726,D1,KQ920_10_P2.3-3,KQ920_L20_5-10-5_10uM_P2.3-3,rs4809302,31.1439025947362,23.8048122323097
Rd2.3_P3+4_WT_20210726,D2,KQ920_10_P2.3-3,KQ920_L20_5-10-5_10uM_P2.3-3,rs4809302,31.2428623068535,23.8976272287589
Rd2.3_P3+4_WT_20210726,D3,KQ920_10_P2.3-3,KQ920_L20_5-10-5_10uM_P2.3-3,rs4809302,31.3111227981478,23.8955674772294
Rd2.3_P3+4_WT_20210726,D13,KQ920_10_P2.3-3,KQ920_L20_5-10-5_10uM_P2.3-3,rs4809302,30.578366961427,23.2834552481999
Rd2.3_P3+4_WT_20210726,D14,KQ920_10_P2.3-3,KQ920_L20_5-10-5_10uM_P2.3-3,rs4809302,30.6978132724554,23.305618134661
Rd2.3_P3+4_WT_20210726,D15,KQ920_10_P2.3-3,KQ920_L20_5-10-5_10uM_P2.3-3,rs4809302,30.7405019426922,23.3956362127715
Rd2.3_P3+4_WT_20210726,D7,KQ920_3_P2.3-3,KQ920_L20_5-10-5_3uM_P2.3-3,rs4809302,30.1219119435409,23.2915060789495
Rd2.3_P3+4_WT_20210726,D8,KQ920_3_P2.3-3,KQ920_L20_5-10-5_3uM_P2.3-3,rs4809302,30.3612070482512,23.3692601352601
Rd2.3_P3+4_WT_20210726,D9,KQ920_3_P2.3-3,KQ920_L20_5-10-5_3uM_P2.3-3,rs4809302,30.1204421996156,23.4180559903123
Rd2.3_P3+4_WT_20210726,D19,KQ920_3_P2.3-3,KQ920_L20_5-10-5_3uM_P2.3-3,rs4809302,30.5282010147553,23.2374877790342
Rd2.3_P3+4_WT_20210726,D20,KQ920_3_P2.3-3,KQ920_L20_5-10-5_3uM_P2.3-3,rs4809302,30.3257563123845,23.3062257420578
Rd2.3_P3+4_WT_20210726,D21,KQ920_3_P2.3-3,KQ920_L20_5-10-5_3uM_P2.3-3,rs4809302,30.3015950092123,23.3703844975072
Rd2.3_P3+4_WT_20210726,B1,KQ921_10_P2.3-3,KQ921_L20_5-10-5_10uM_P2.3-3,rs4809302,31.1131015740646,24.070238986596
Rd2.3_P3+4_WT_20210726,B2,KQ921_10_P2.3-3,KQ921_L20_5-10-5_10uM_P2.3-3,rs4809302,31.1889852987046,24.1189241249333
Rd2.3_P3+4_WT_20210726,B3,KQ921_10_P2.3-3,KQ921_L20_5-10-5_10uM_P2.3-3,rs4809302,31.5712857823332,24.1103512270631
Rd2.3_P3+4_WT_20210726,B13,KQ921_10_P2.3-3,KQ921_L20_5-10-5_10uM_P2.3-3,rs4809302,30.8458163760272,23.8623534232995
Rd2.3_P3+4_WT_20210726,B14,KQ921_10_P2.3-3,KQ921_L20_5-10-5_10uM_P2.3-3,rs4809302,31.092972978811,23.9549684613765
Rd2.3_P3+4_WT_20210726,B15,KQ921_10_P2.3-3,KQ921_L20_5-10-5_10uM_P2.3-3,rs4809302,30.9597355520441,23.9555395325063
Rd2.3_P3+4_WT_20210726,B7,KQ921_3_P2.3-3,KQ921_L20_5-10-5_3uM_P2.3-3,rs4809302,30.55354640529,23.5949450485866
Rd2.3_P3+4_WT_20210726,B8,KQ921_3_P2.3-3,KQ921_L20_5-10-5_3uM_P2.3-3,rs4809302,30.3671996118035,23.5989204913312
Rd2.3_P3+4_WT_20210726,B9,KQ921_3_P2.3-3,KQ921_L20_5-10-5_3uM_P2.3-3,rs4809302,30.442874496721,23.5854928012287
Rd2.3_P3+4_WT_20210726,B19,KQ921_3_P2.3-3,KQ921_L20_5-10-5_3uM_P2.3-3,rs4809302,30.1334451318663,23.402256598591
Rd2.3_P3+4_WT_20210726,B20,KQ921_3_P2.3-3,KQ921_L20_5-10-5_3uM_P2.3-3,rs4809302,30.4689363543934,23.7753752910393
Rd2.3_P3+4_WT_20210726,B21,KQ921_3_P2.3-3,KQ921_L20_5-10-5_3uM_P2.3-3,rs4809302,30.3823028678845,23.4883449119389
Rd2.3_P3+4_WT_20210726,N4,KQ955_10_P2.3-4,KQ955_L20_5-10-5_10uM_P2.3-4,rs3787130,32.5369087480641,24.2270010335158
Rd2.3_P3+4_WT_20210726,N5,KQ955_10_P2.3-4,KQ955_L20_5-10-5_10uM_P2.3-4,rs3787130,32.3514737242712,24.2528689910032
Rd2.3_P3+4_WT_20210726,N6,KQ955_10_P2.3-4,KQ955_L20_5-10-5_10uM_P2.3-4,rs3787130,32.6169403505233,24.3129760697609
Rd2.3_P3+4_WT_20210726,N16,KQ955_10_P2.3-4,KQ955_L20_5-10-5_10uM_P2.3-4,rs3787130,32.5524698246435,23.9665297657277
Rd2.3_P3+4_WT_20210726,N17,KQ955_10_P2.3-4,KQ955_L20_5-10-5_10uM_P2.3-4,rs3787130,32.4622074370264,23.9668886478724
Rd2.3_P3+4_WT_20210726,N18,KQ955_10_P2.3-4,KQ955_L20_5-10-5_10uM_P2.3-4,rs3787130,32.2155314047184,24.0209438758245
Rd2.3_P3+4_WT_20210726,N10,KQ955_3_P2.3-4,KQ955_L20_5-10-5_3uM_P2.3-4,rs3787130,31.527792310085,23.6630208443403
Rd2.3_P3+4_WT_20210726,N11,KQ955_3_P2.3-4,KQ955_L20_5-10-5_3uM_P2.3-4,rs3787130,31.7240193350091,23.7020349234729
Rd2.3_P3+4_WT_20210726,N12,KQ955_3_P2.3-4,KQ955_L20_5-10-5_3uM_P2.3-4,rs3787130,31.7919834365917,23.7430606764154
Rd2.3_P3+4_WT_20210726,N22,KQ955_3_P2.3-4,KQ955_L20_5-10-5_3uM_P2.3-4,rs3787130,30.4546237216681,23.2476399062981
Rd2.3_P3+4_WT_20210726,N23,KQ955_3_P2.3-4,KQ955_L20_5-10-5_3uM_P2.3-4,rs3787130,30.7348022337855,23.2780475802727
Rd2.3_P3+4_WT_20210726,N24,KQ955_3_P2.3-4,KQ955_L20_5-10-5_3uM_P2.3-4,rs3787130,30.2796969343728,23.2938019725405
Rd2.3_P3+4_WT_20210726,M4,KQ956_10_P2.3-4,KQ956_L20_5-10-5_10uM_P2.3-4,rs3787130,32.2308430178906,24.1182768355556
Rd2.3_P3+4_WT_20210726,M5,KQ956_10_P2.3-4,KQ956_L20_5-10-5_10uM_P2.3-4,rs3787130,32.7623627634705,24.1582148947161
Rd2.3_P3+4_WT_20210726,M6,KQ956_10_P2.3-4,KQ956_L20_5-10-5_10uM_P2.3-4,rs3787130,32.8234495052457,24.1706732156705
Rd2.3_P3+4_WT_20210726,M16,KQ956_10_P2.3-4,KQ956_L20_5-10-5_10uM_P2.3-4,rs3787130,31.6425611519831,23.1919021233756
Rd2.3_P3+4_WT_20210726,M17,KQ956_10_P2.3-4,KQ956_L20_5-10-5_10uM_P2.3-4,rs3787130,31.6943583264623,23.2256600978089
Rd2.3_P3+4_WT_20210726,M18,KQ956_10_P2.3-4,KQ956_L20_5-10-5_10uM_P2.3-4,rs3787130,31.7906897230653,23.2606812027616
Rd2.3_P3+4_WT_20210726,M10,KQ956_3_P2.3-4,KQ956_L20_5-10-5_3uM_P2.3-4,rs3787130,30.9535515996974,23.0274527699057
Rd2.3_P3+4_WT_20210726,M11,KQ956_3_P2.3-4,KQ956_L20_5-10-5_3uM_P2.3-4,rs3787130,31.0426688359235,23.0747692276499
Rd2.3_P3+4_WT_20210726,M12,KQ956_3_P2.3-4,KQ956_L20_5-10-5_3uM_P2.3-4,rs3787130,30.934270036886,23.1315212331276
Rd2.3_P3+4_WT_20210726,M22,KQ956_3_P2.3-4,KQ956_L20_5-10-5_3uM_P2.3-4,rs3787130,30.3253347404036,23.2786486939915
Rd2.3_P3+4_WT_20210726,M23,KQ956_3_P2.3-4,KQ956_L20_5-10-5_3uM_P2.3-4,rs3787130,30.5749654697871,23.3043996274981
Rd2.3_P3+4_WT_20210726,M24,KQ956_3_P2.3-4,KQ956_L20_5-10-5_3uM_P2.3-4,rs3787130,30.4730592336362,23.2956454159357
Rd2.3_P3+4_WT_20210726,L4,KQ958_10_P2.3-4,KQ958_L20_5-10-5_10uM_P2.3-4,rs3787130,32.6887352954421,24.8605773440405
Rd2.3_P3+4_WT_20210726,L5,KQ958_10_P2.3-4,KQ958_L20_5-10-5_10uM_P2.3-4,rs3787130,32.9089338640371,24.9379076547404
Rd2.3_P3+4_WT_20210726,L6,KQ958_10_P2.3-4,KQ958_L20_5-10-5_10uM_P2.3-4,rs3787130,32.7102213320665,24.98651538494
Rd2.3_P3+4_WT_20210726,L16,KQ958_10_P2.3-4,KQ958_L20_5-10-5_10uM_P2.3-4,rs3787130,32.2730078958258,24.9234213004319
Rd2.3_P3+4_WT_20210726,L17,KQ958_10_P2.3-4,KQ958_L20_5-10-5_10uM_P2.3-4,rs3787130,32.1919445977997,24.9636205448036
Rd2.3_P3+4_WT_20210726,L18,KQ958_10_P2.3-4,KQ958_L20_5-10-5_10uM_P2.3-4,rs3787130,32.5619948568969,25.1832299000448
Rd2.3_P3+4_WT_20210726,L10,KQ958_3_P2.3-4,KQ958_L20_5-10-5_3uM_P2.3-4,rs3787130,31.5531475370569,24.0806548689257
Rd2.3_P3+4_WT_20210726,L11,KQ958_3_P2.3-4,KQ958_L20_5-10-5_3uM_P2.3-4,rs3787130,31.5334608134711,24.1095187409942
Rd2.3_P3+4_WT_20210726,L12,KQ958_3_P2.3-4,KQ958_L20_5-10-5_3uM_P2.3-4,rs3787130,31.5095610059879,24.1742400728934
Rd2.3_P3+4_WT_20210726,L22,KQ958_3_P2.3-4,KQ958_L20_5-10-5_3uM_P2.3-4,rs3787130,30.5194026206201,23.6243681332959
Rd2.3_P3+4_WT_20210726,L23,KQ958_3_P2.3-4,KQ958_L20_5-10-5_3uM_P2.3-4,rs3787130,30.3264793755899,23.6478648746055
Rd2.3_P3+4_WT_20210726,L24,KQ958_3_P2.3-4,KQ958_L20_5-10-5_3uM_P2.3-4,rs3787130,30.4777483546993,23.6381798857112
Rd2.3_P3+4_WT_20210726,I4,KQ995_10_P2.3-4,KQ995_L20_5-10-5_10uM_P2.3-4,rs34659510,33.0837292555341,26.0880881058627
Rd2.3_P3+4_WT_20210726,I5,KQ995_10_P2.3-4,KQ995_L20_5-10-5_10uM_P2.3-4,rs34659510,33.5403791669314,26.1067041548608
Rd2.3_P3+4_WT_20210726,I6,KQ995_10_P2.3-4,KQ995_L20_5-10-5_10uM_P2.3-4,rs34659510,33.3061472266744,26.1505050656072
Rd2.3_P3+4_WT_20210726,I16,KQ995_10_P2.3-4,KQ995_L20_5-10-5_10uM_P2.3-4,rs34659510,32.9115410284766,25.6412468204381
Rd2.3_P3+4_WT_20210726,I17,KQ995_10_P2.3-4,KQ995_L20_5-10-5_10uM_P2.3-4,rs34659510,32.9921900701431,25.6845667007954
Rd2.3_P3+4_WT_20210726,I18,KQ995_10_P2.3-4,KQ995_L20_5-10-5_10uM_P2.3-4,rs34659510,33.3469261931891,25.744234378935
Rd2.3_P3+4_WT_20210726,I10,KQ995_3_P2.3-4,KQ995_L20_5-10-5_3uM_P2.3-4,rs34659510,32.7937920241823,25.2678967743957
Rd2.3_P3+4_WT_20210726,I11,KQ995_3_P2.3-4,KQ995_L20_5-10-5_3uM_P2.3-4,rs34659510,32.4459509051042,25.3618123931453
Rd2.3_P3+4_WT_20210726,I12,KQ995_3_P2.3-4,KQ995_L20_5-10-5_3uM_P2.3-4,rs34659510,32.7443045816927,25.3969288824794
Rd2.3_P3+4_WT_20210726,I22,KQ995_3_P2.3-4,KQ995_L20_5-10-5_3uM_P2.3-4,rs34659510,30.1095127540044,23.6474582585181
Rd2.3_P3+4_WT_20210726,I23,KQ995_3_P2.3-4,KQ995_L20_5-10-5_3uM_P2.3-4,rs34659510,30.192592424841,23.7314823660724
Rd2.3_P3+4_WT_20210726,I24,KQ995_3_P2.3-4,KQ995_L20_5-10-5_3uM_P2.3-4,rs34659510,30.3184901436323,23.7372436213807
Rd2.3_P3+4_WT_20210726,I1,KQJM008_10_P2.3-4,KQJM008_L20_6-08-6_10uM_P2.3-4,rs112267440,31.9743098824981,24.9797418377722
Rd2.3_P3+4_WT_20210726,I2,KQJM008_10_P2.3-4,KQJM008_L20_6-08-6_10uM_P2.3-4,rs112267440,31.6417876267375,25.0657259859072
Rd2.3_P3+4_WT_20210726,I3,KQJM008_10_P2.3-4,KQJM008_L20_6-08-6_10uM_P2.3-4,rs112267440,31.7535568223393,25.073474202929
Rd2.3_P3+4_WT_20210726,I13,KQJM008_10_P2.3-4,KQJM008_L20_6-08-6_10uM_P2.3-4,rs112267440,31.676512363547,24.5695626276182
Rd2.3_P3+4_WT_20210726,I14,KQJM008_10_P2.3-4,KQJM008_L20_6-08-6_10uM_P2.3-4,rs112267440,31.6870525783365,24.6274864041775
Rd2.3_P3+4_WT_20210726,I15,KQJM008_10_P2.3-4,KQJM008_L20_6-08-6_10uM_P2.3-4,rs112267440,31.8449239877639,24.656450415843
Rd2.3_P3+4_WT_20210726,I7,KQJM008_3_P2.3-4,KQJM008_L20_6-08-6_3uM_P2.3-4,rs112267440,31.1203915135205,24.0194808618486
Rd2.3_P3+4_WT_20210726,I8,KQJM008_3_P2.3-4,KQJM008_L20_6-08-6_3uM_P2.3-4,rs112267440,31.1238592282049,24.0389302365858
Rd2.3_P3+4_WT_20210726,I9,KQJM008_3_P2.3-4,KQJM008_L20_6-08-6_3uM_P2.3-4,rs112267440,31.1510267164594,24.0640298899748
Rd2.3_P3+4_WT_20210726,I19,KQJM008_3_P2.3-4,KQJM008_L20_6-08-6_3uM_P2.3-4,rs112267440,30.5671590418544,23.3873071572655
Rd2.3_P3+4_WT_20210726,I20,KQJM008_3_P2.3-4,KQJM008_L20_6-08-6_3uM_P2.3-4,rs112267440,30.5384695626605,23.5024455546033
Rd2.3_P3+4_WT_20210726,I21,KQJM008_3_P2.3-4,KQJM008_L20_6-08-6_3uM_P2.3-4,rs112267440,30.4905911619588,23.5252058258597
Rd2.3_P3+4_WT_20210726,K1,KQJM019_10_P2.3-4,KQJM019_L22_6-10-6_10uM_P2.3-4,rs112267440,32.8019854681388,24.9094362669994
Rd2.3_P3+4_WT_20210726,K2,KQJM019_10_P2.3-4,KQJM019_L22_6-10-6_10uM_P2.3-4,rs112267440,32.8093481997997,24.9700061523247
Rd2.3_P3+4_WT_20210726,K3,KQJM019_10_P2.3-4,KQJM019_L22_6-10-6_10uM_P2.3-4,rs112267440,32.683702512549,24.9571886100456
Rd2.3_P3+4_WT_20210726,K13,KQJM019_10_P2.3-4,KQJM019_L22_6-10-6_10uM_P2.3-4,rs112267440,31.9317591469726,24.4361232271426
Rd2.3_P3+4_WT_20210726,K14,KQJM019_10_P2.3-4,KQJM019_L22_6-10-6_10uM_P2.3-4,rs112267440,32.0798809820823,24.538271201296
Rd2.3_P3+4_WT_20210726,K15,KQJM019_10_P2.3-4,KQJM019_L22_6-10-6_10uM_P2.3-4,rs112267440,32.2604276729353,24.5842759340396
Rd2.3_P3+4_WT_20210726,K7,KQJM019_3_P2.3-4,KQJM019_L22_6-10-6_3uM_P2.3-4,rs112267440,30.5949901156244,23.3498808801439
Rd2.3_P3+4_WT_20210726,K8,KQJM019_3_P2.3-4,KQJM019_L22_6-10-6_3uM_P2.3-4,rs112267440,30.657953496522,23.3737270884744
Rd2.3_P3+4_WT_20210726,K9,KQJM019_3_P2.3-4,KQJM019_L22_6-10-6_3uM_P2.3-4,rs112267440,30.7459911159449,23.4184540004016
Rd2.3_P3+4_WT_20210726,K19,KQJM019_3_P2.3-4,KQJM019_L22_6-10-6_3uM_P2.3-4,rs112267440,30.6130297635144,23.1256470335468
Rd2.3_P3+4_WT_20210726,K20,KQJM019_3_P2.3-4,KQJM019_L22_6-10-6_3uM_P2.3-4,rs112267440,30.5352646376666,23.1796576554439
Rd2.3_P3+4_WT_20210726,K21,KQJM019_3_P2.3-4,KQJM019_L22_6-10-6_3uM_P2.3-4,rs112267440,30.5622068151742,23.2161208570653
Rd2.3_P3+4_WT_20210726,B4,KQJM069_10_P2.3-3,KQJM069_L19_5-10-4_10uM_P2.3-3,rs4809302,31.0132958253965,23.8200776533806
Rd2.3_P3+4_WT_20210726,B5,KQJM069_10_P2.3-3,KQJM069_L19_5-10-4_10uM_P2.3-3,rs4809302,30.9808306791902,23.8430001862926
Rd2.3_P3+4_WT_20210726,B6,KQJM069_10_P2.3-3,KQJM069_L19_5-10-4_10uM_P2.3-3,rs4809302,30.8213456927317,23.8500228675676
Rd2.3_P3+4_WT_20210726,B16,KQJM069_10_P2.3-3,KQJM069_L19_5-10-4_10uM_P2.3-3,rs4809302,31.1618918747058,24.1383340065977
Rd2.3_P3+4_WT_20210726,B17,KQJM069_10_P2.3-3,KQJM069_L19_5-10-4_10uM_P2.3-3,rs4809302,31.1601229775707,24.1173294560365
Rd2.3_P3+4_WT_20210726,B18,KQJM069_10_P2.3-3,KQJM069_L19_5-10-4_10uM_P2.3-3,rs4809302,31.3112606622514,24.2524135331438
Rd2.3_P3+4_WT_20210726,B10,KQJM069_3_P2.3-3,KQJM069_L19_5-10-4_3uM_P2.3-3,rs4809302,30.4736025792257,23.5766513077171
Rd2.3_P3+4_WT_20210726,B11,KQJM069_3_P2.3-3,KQJM069_L19_5-10-4_3uM_P2.3-3,rs4809302,30.3337274099868,23.6513873668602
Rd2.3_P3+4_WT_20210726,B12,KQJM069_3_P2.3-3,KQJM069_L19_5-10-4_3uM_P2.3-3,rs4809302,30.4821748233185,23.6540815644567
Rd2.3_P3+4_WT_20210726,B22,KQJM069_3_P2.3-3,KQJM069_L19_5-10-4_3uM_P2.3-3,rs4809302,30.6956064160357,23.9456871870608
Rd2.3_P3+4_WT_20210726,B23,KQJM069_3_P2.3-3,KQJM069_L19_5-10-4_3uM_P2.3-3,rs4809302,30.7242489520987,24.0321050376271
Rd2.3_P3+4_WT_20210726,B24,KQJM069_3_P2.3-3,KQJM069_L19_5-10-4_3uM_P2.3-3,rs4809302,30.709300360434,23.9692618128422
Rd2.3_P3+4_WT_20210726,L1,KQJM076_10_P2.3-4,KQJM076_L18_4-10-4_10uM_P2.3-4,rs112267440,31.5177916523508,24.3005017781335
Rd2.3_P3+4_WT_20210726,L2,KQJM076_10_P2.3-4,KQJM076_L18_4-10-4_10uM_P2.3-4,rs112267440,31.5473564561332,24.3790222889086
Rd2.3_P3+4_WT_20210726,L3,KQJM076_10_P2.3-4,KQJM076_L18_4-10-4_10uM_P2.3-4,rs112267440,31.5384532413308,24.3676103410995
Rd2.3_P3+4_WT_20210726,L13,KQJM076_10_P2.3-4,KQJM076_L18_4-10-4_10uM_P2.3-4,rs112267440,30.801016451276,23.5624514723152
Rd2.3_P3+4_WT_20210726,L14,KQJM076_10_P2.3-4,KQJM076_L18_4-10-4_10uM_P2.3-4,rs112267440,30.9027352798473,23.5739937092338
Rd2.3_P3+4_WT_20210726,L15,KQJM076_10_P2.3-4,KQJM076_L18_4-10-4_10uM_P2.3-4,rs112267440,30.9111146261958,23.5979204855887
Rd2.3_P3+4_WT_20210726,L7,KQJM076_3_P2.3-4,KQJM076_L18_4-10-4_3uM_P2.3-4,rs112267440,30.8241427766528,23.3895118871806
Rd2.3_P3+4_WT_20210726,L8,KQJM076_3_P2.3-4,KQJM076_L18_4-10-4_3uM_P2.3-4,rs112267440,30.8389436712051,23.4333559994586
Rd2.3_P3+4_WT_20210726,L9,KQJM076_3_P2.3-4,KQJM076_L18_4-10-4_3uM_P2.3-4,rs112267440,31.0800126340221,23.5522825919557
Rd2.3_P3+4_WT_20210726,L19,KQJM076_3_P2.3-4,KQJM076_L18_4-10-4_3uM_P2.3-4,rs112267440,30.6917998431561,23.2330903885929
Rd2.3_P3+4_WT_20210726,L20,KQJM076_3_P2.3-4,KQJM076_L18_4-10-4_3uM_P2.3-4,rs112267440,30.4797481194692,23.2465126164902
Rd2.3_P3+4_WT_20210726,L21,KQJM076_3_P2.3-4,KQJM076_L18_4-10-4_3uM_P2.3-4,rs112267440,30.6920115843431,23.3093409315717
Rd2.3_P3+4_WT_20210726,M1,KQJM077_10_P2.3-4,KQJM077_L17_5-08-4_10uM_P2.3-4,rs112267440,30.3012735389946,22.9426664615645
Rd2.3_P3+4_WT_20210726,M2,KQJM077_10_P2.3-4,KQJM077_L17_5-08-4_10uM_P2.3-4,rs112267440,30.161616774738,23.007423522825
Rd2.3_P3+4_WT_20210726,M3,KQJM077_10_P2.3-4,KQJM077_L17_5-08-4_10uM_P2.3-4,rs112267440,30.3342677357496,23.0328806069749
Rd2.3_P3+4_WT_20210726,M13,KQJM077_10_P2.3-4,KQJM077_L17_5-08-4_10uM_P2.3-4,rs112267440,30.0399879238699,22.6761666010397
Rd2.3_P3+4_WT_20210726,M14,KQJM077_10_P2.3-4,KQJM077_L17_5-08-4_10uM_P2.3-4,rs112267440,30.061881156102,22.7684451140945
Rd2.3_P3+4_WT_20210726,M15,KQJM077_10_P2.3-4,KQJM077_L17_5-08-4_10uM_P2.3-4,rs112267440,30.2688904047686,22.8050748849595
Rd2.3_P3+4_WT_20210726,M7,KQJM077_3_P2.3-4,KQJM077_L17_5-08-4_3uM_P2.3-4,rs112267440,30.1490986964207,23.0647018918696
Rd2.3_P3+4_WT_20210726,M8,KQJM077_3_P2.3-4,KQJM077_L17_5-08-4_3uM_P2.3-4,rs112267440,30.197309065499,23.0857574696103
Rd2.3_P3+4_WT_20210726,M9,KQJM077_3_P2.3-4,KQJM077_L17_5-08-4_3uM_P2.3-4,rs112267440,30.4553955194912,23.1051165837649
Rd2.3_P3+4_WT_20210726,M19,KQJM077_3_P2.3-4,KQJM077_L17_5-08-4_3uM_P2.3-4,rs112267440,30.1741883200791,23.015756706528
Rd2.3_P3+4_WT_20210726,M20,KQJM077_3_P2.3-4,KQJM077_L17_5-08-4_3uM_P2.3-4,rs112267440,30.2469642574277,23.0626200254621
Rd2.3_P3+4_WT_20210726,M21,KQJM077_3_P2.3-4,KQJM077_L17_5-08-4_3uM_P2.3-4,rs112267440,30.3510928018708,23.0951870926624
Rd2.3_P3+4_WT_20210726,N1,KQJM078_10_P2.3-4,KQJM078_L19_6-08-5_10uM_P2.3-4,rs112267440,31.1280005132889,23.7172295816626
Rd2.3_P3+4_WT_20210726,N2,KQJM078_10_P2.3-4,KQJM078_L19_6-08-5_10uM_P2.3-4,rs112267440,30.9999701727374,23.7207561326482
Rd2.3_P3+4_WT_20210726,N3,KQJM078_10_P2.3-4,KQJM078_L19_6-08-5_10uM_P2.3-4,rs112267440,31.0759466914031,23.7835952518785
Rd2.3_P3+4_WT_20210726,N13,KQJM078_10_P2.3-4,KQJM078_L19_6-08-5_10uM_P2.3-4,rs112267440,31.4332213361658,24.2366840296216
Rd2.3_P3+4_WT_20210726,N14,KQJM078_10_P2.3-4,KQJM078_L19_6-08-5_10uM_P2.3-4,rs112267440,31.3312386469644,24.2868472641246
Rd2.3_P3+4_WT_20210726,N15,KQJM078_10_P2.3-4,KQJM078_L19_6-08-5_10uM_P2.3-4,rs112267440,31.5269707071615,24.3048401773451
Rd2.3_P3+4_WT_20210726,N7,KQJM078_3_P2.3-4,KQJM078_L19_6-08-5_3uM_P2.3-4,rs112267440,30.6167526228965,23.2782480961843
Rd2.3_P3+4_WT_20210726,N8,KQJM078_3_P2.3-4,KQJM078_L19_6-08-5_3uM_P2.3-4,rs112267440,30.6585393712639,23.298915649616
Rd2.3_P3+4_WT_20210726,N9,KQJM078_3_P2.3-4,KQJM078_L19_6-08-5_3uM_P2.3-4,rs112267440,30.6814156114364,23.3658043046028
Rd2.3_P3+4_WT_20210726,N19,KQJM078_3_P2.3-4,KQJM078_L19_6-08-5_3uM_P2.3-4,rs112267440,30.5229078019174,23.0126655383319
Rd2.3_P3+4_WT_20210726,N20,KQJM078_3_P2.3-4,KQJM078_L19_6-08-5_3uM_P2.3-4,rs112267440,30.6540388082842,23.074292769286
Rd2.3_P3+4_WT_20210726,N21,KQJM078_3_P2.3-4,KQJM078_L19_6-08-5_3uM_P2.3-4,rs112267440,30.5901572602044,23.1216797207334
Rd2.3_P3+4_WT_20210726,A1,KQJM100_10_P2.3-3,KQJM100_L22_6-10-6_10uM_P2.3-3,rs4809302,32.9909350810084,25.5188775137186
Rd2.3_P3+4_WT_20210726,A2,KQJM100_10_P2.3-3,KQJM100_L22_6-10-6_10uM_P2.3-3,rs4809302,33.2208658451178,25.5424682843949
Rd2.3_P3+4_WT_20210726,A3,KQJM100_10_P2.3-3,KQJM100_L22_6-10-6_10uM_P2.3-3,rs4809302,34.0277762665791,25.4968925086761
Rd2.3_P3+4_WT_20210726,A13,KQJM100_10_P2.3-3,KQJM100_L22_6-10-6_10uM_P2.3-3,rs4809302,32.3030260744719,24.4954621396044
Rd2.3_P3+4_WT_20210726,A14,KQJM100_10_P2.3-3,KQJM100_L22_6-10-6_10uM_P2.3-3,rs4809302,32.5126912669433,24.5401405952902
Rd2.3_P3+4_WT_20210726,A15,KQJM100_10_P2.3-3,KQJM100_L22_6-10-6_10uM_P2.3-3,rs4809302,32.7440772612358,24.5885409883393
Rd2.3_P3+4_WT_20210726,A7,KQJM100_3_P2.3-3,KQJM100_L22_6-10-6_3uM_P2.3-3,rs4809302,30.990303085032,23.6698504185546
Rd2.3_P3+4_WT_20210726,A8,KQJM100_3_P2.3-3,KQJM100_L22_6-10-6_3uM_P2.3-3,rs4809302,31.0388882195109,23.6363402742277
Rd2.3_P3+4_WT_20210726,A9,KQJM100_3_P2.3-3,KQJM100_L22_6-10-6_3uM_P2.3-3,rs4809302,31.1154674198221,23.7077662144293
Rd2.3_P3+4_WT_20210726,A19,KQJM100_3_P2.3-3,KQJM100_L22_6-10-6_3uM_P2.3-3,rs4809302,30.8281440133607,23.5666011415346
Rd2.3_P3+4_WT_20210726,A20,KQJM100_3_P2.3-3,KQJM100_L22_6-10-6_3uM_P2.3-3,rs4809302,30.6846666857408,23.6291057161604
Rd2.3_P3+4_WT_20210726,A21,KQJM100_3_P2.3-3,KQJM100_L22_6-10-6_3uM_P2.3-3,rs4809302,30.8316783265399,23.626351703292
Rd2.3_P3+4_WT_20210726,C1,KQJM101_10_P2.3-3,KQJM101_L21_7-08-6_10uM_P2.3-3,rs4809302,31.2276828862223,23.8459441776557
Rd2.3_P3+4_WT_20210726,C2,KQJM101_10_P2.3-3,KQJM101_L21_7-08-6_10uM_P2.3-3,rs4809302,31.2687486380425,23.8678829689161
Rd2.3_P3+4_WT_20210726,C3,KQJM101_10_P2.3-3,KQJM101_L21_7-08-6_10uM_P2.3-3,rs4809302,31.3310827587792,23.9095842491804
Rd2.3_P3+4_WT_20210726,C13,KQJM101_10_P2.3-3,KQJM101_L21_7-08-6_10uM_P2.3-3,rs4809302,31.4553564970427,23.7614548279446
Rd2.3_P3+4_WT_20210726,C14,KQJM101_10_P2.3-3,KQJM101_L21_7-08-6_10uM_P2.3-3,rs4809302,31.1838307713734,23.8211086232858
Rd2.3_P3+4_WT_20210726,C15,KQJM101_10_P2.3-3,KQJM101_L21_7-08-6_10uM_P2.3-3,rs4809302,31.1345496469865,23.8319940644762
Rd2.3_P3+4_WT_20210726,C7,KQJM101_3_P2.3-3,KQJM101_L21_7-08-6_3uM_P2.3-3,rs4809302,30.5328886522595,23.6483759316901
Rd2.3_P3+4_WT_20210726,C8,KQJM101_3_P2.3-3,KQJM101_L21_7-08-6_3uM_P2.3-3,rs4809302,30.5092355205528,23.6590559570537
Rd2.3_P3+4_WT_20210726,C9,KQJM101_3_P2.3-3,KQJM101_L21_7-08-6_3uM_P2.3-3,rs4809302,30.6577329224603,23.7062845268968
Rd2.3_P3+4_WT_20210726,C19,KQJM101_3_P2.3-3,KQJM101_L21_7-08-6_3uM_P2.3-3,rs4809302,30.6089064044667,23.6910558630194
Rd2.3_P3+4_WT_20210726,C20,KQJM101_3_P2.3-3,KQJM101_L21_7-08-6_3uM_P2.3-3,rs4809302,30.6922730471023,23.7169452806174
Rd2.3_P3+4_WT_20210726,C21,KQJM101_3_P2.3-3,KQJM101_L21_7-08-6_3uM_P2.3-3,rs4809302,30.8009966655722,23.8022208661126
Rd2.3_P3+4_WT_20210726,E1,KQJM103_10_P2.3-3,KQJM103_L21_7-08-6_10uM_P2.3-3,rs4809302,31.3170041389139,24.0750333906987
Rd2.3_P3+4_WT_20210726,E2,KQJM103_10_P2.3-3,KQJM103_L21_7-08-6_10uM_P2.3-3,rs4809302,31.3971802090488,24.0947893379662
Rd2.3_P3+4_WT_20210726,E3,KQJM103_10_P2.3-3,KQJM103_L21_7-08-6_10uM_P2.3-3,rs4809302,31.4823534548105,24.1869798609846
Rd2.3_P3+4_WT_20210726,E13,KQJM103_10_P2.3-3,KQJM103_L21_7-08-6_10uM_P2.3-3,rs4809302,30.7832528509219,23.3756278038476
Rd2.3_P3+4_WT_20210726,E14,KQJM103_10_P2.3-3,KQJM103_L21_7-08-6_10uM_P2.3-3,rs4809302,30.9944711334428,23.4303316370145
Rd2.3_P3+4_WT_20210726,E15,KQJM103_10_P2.3-3,KQJM103_L21_7-08-6_10uM_P2.3-3,rs4809302,30.8229509486589,23.4407764215074
Rd2.3_P3+4_WT_20210726,E7,KQJM103_3_P2.3-3,KQJM103_L21_7-08-6_3uM_P2.3-3,rs4809302,30.1213766207233,23.6092611853119
Rd2.3_P3+4_WT_20210726,E8,KQJM103_3_P2.3-3,KQJM103_L21_7-08-6_3uM_P2.3-3,rs4809302,29.9622174801547,23.6379644708332
Rd2.3_P3+4_WT_20210726,E9,KQJM103_3_P2.3-3,KQJM103_L21_7-08-6_3uM_P2.3-3,rs4809302,30.1218046719291,23.6702954592759
Rd2.3_P3+4_WT_20210726,E19,KQJM103_3_P2.3-3,KQJM103_L21_7-08-6_3uM_P2.3-3,rs4809302,30.3615206384632,23.9109246237971
Rd2.3_P3+4_WT_20210726,E20,KQJM103_3_P2.3-3,KQJM103_L21_7-08-6_3uM_P2.3-3,rs4809302,30.2802357867506,23.9155090075054
Rd2.3_P3+4_WT_20210726,E21,KQJM103_3_P2.3-3,KQJM103_L21_7-08-6_3uM_P2.3-3,rs4809302,30.4491408435655,23.9895686690664
Rd2.3_P3+4_WT_20210726,F1,KQJM105_10_P2.3-3,KQJM105_L19_6-08-5_10uM_P2.3-3,rs4809302,30.47459273465,23.4287411704091
Rd2.3_P3+4_WT_20210726,F2,KQJM105_10_P2.3-3,KQJM105_L19_6-08-5_10uM_P2.3-3,rs4809302,30.5773913129107,23.557074709266
Rd2.3_P3+4_WT_20210726,F3,KQJM105_10_P2.3-3,KQJM105_L19_6-08-5_10uM_P2.3-3,rs4809302,30.5895649105141,23.4963260167085
Rd2.3_P3+4_WT_20210726,F13,KQJM105_10_P2.3-3,KQJM105_L19_6-08-5_10uM_P2.3-3,rs4809302,30.6340672797746,23.4449380684108
Rd2.3_P3+4_WT_20210726,F14,KQJM105_10_P2.3-3,KQJM105_L19_6-08-5_10uM_P2.3-3,rs4809302,30.5180771620337,23.5407065842455
Rd2.3_P3+4_WT_20210726,F15,KQJM105_10_P2.3-3,KQJM105_L19_6-08-5_10uM_P2.3-3,rs4809302,30.5511745047794,23.5874402980771
Rd2.3_P3+4_WT_20210726,F7,KQJM105_3_P2.3-3,KQJM105_L19_6-08-5_3uM_P2.3-3,rs4809302,30.3761740041073,23.9445502961979
Rd2.3_P3+4_WT_20210726,F8,KQJM105_3_P2.3-3,KQJM105_L19_6-08-5_3uM_P2.3-3,rs4809302,29.9934264998301,23.8104034297627
Rd2.3_P3+4_WT_20210726,F9,KQJM105_3_P2.3-3,KQJM105_L19_6-08-5_3uM_P2.3-3,rs4809302,30.0576655316462,23.9167856614254
Rd2.3_P3+4_WT_20210726,F19,KQJM105_3_P2.3-3,KQJM105_L19_6-08-5_3uM_P2.3-3,rs4809302,30.1096657132482,23.6986864603207
Rd2.3_P3+4_WT_20210726,F20,KQJM105_3_P2.3-3,KQJM105_L19_6-08-5_3uM_P2.3-3,rs4809302,30.1049721049755,23.7491222541522
Rd2.3_P3+4_WT_20210726,F21,KQJM105_3_P2.3-3,KQJM105_L19_6-08-5_3uM_P2.3-3,rs4809302,30.1427376520577,23.8078207964451
Rd2.3_P3+4_WT_20210726,A4,KQJM106_10_P2.3-3,KQJM106_L17_5-08-4_10uM_P2.3-3,rs4809302,30.7279475184908,23.9375062814066
Rd2.3_P3+4_WT_20210726,A5,KQJM106_10_P2.3-3,KQJM106_L17_5-08-4_10uM_P2.3-3,rs4809302,30.7754205452452,23.9027907412849
Rd2.3_P3+4_WT_20210726,A6,KQJM106_10_P2.3-3,KQJM106_L17_5-08-4_10uM_P2.3-3,rs4809302,30.7072501370468,23.9185080986023
Rd2.3_P3+4_WT_20210726,A16,KQJM106_10_P2.3-3,KQJM106_L17_5-08-4_10uM_P2.3-3,rs4809302,31.0314748530792,24.034020928821
Rd2.3_P3+4_WT_20210726,A17,KQJM106_10_P2.3-3,KQJM106_L17_5-08-4_10uM_P2.3-3,rs4809302,31.0552433770604,24.0695527202443
Rd2.3_P3+4_WT_20210726,A18,KQJM106_10_P2.3-3,KQJM106_L17_5-08-4_10uM_P2.3-3,rs4809302,30.9340980107301,24.1224745376229
Rd2.3_P3+4_WT_20210726,A10,KQJM106_3_P2.3-3,KQJM106_L17_5-08-4_3uM_P2.3-3,rs4809302,30.7280175845825,23.9648961172091
Rd2.3_P3+4_WT_20210726,A11,KQJM106_3_P2.3-3,KQJM106_L17_5-08-4_3uM_P2.3-3,rs4809302,30.675509567392,24.0133074106091
Rd2.3_P3+4_WT_20210726,A12,KQJM106_3_P2.3-3,KQJM106_L17_5-08-4_3uM_P2.3-3,rs4809302,30.5781242386585,24.056092498291
Rd2.3_P3+4_WT_20210726,A22,KQJM106_3_P2.3-3,KQJM106_L17_5-08-4_3uM_P2.3-3,rs4809302,30.8055567844292,24.1916701563805
Rd2.3_P3+4_WT_20210726,A23,KQJM106_3_P2.3-3,KQJM106_L17_5-08-4_3uM_P2.3-3,rs4809302,31.0613271135881,24.2407599311808
Rd2.3_P3+4_WT_20210726,A24,KQJM106_3_P2.3-3,KQJM106_L17_5-08-4_3uM_P2.3-3,rs4809302,31.109299892289,24.3164248497586
Rd2.3_P3+4_WT_20210726,G1,Naïve_P2.3-3,Naïve_P2.3-3,,30.5988385400859,24.3886537070269
Rd2.3_P3+4_WT_20210726,G2,Naïve_P2.3-3,Naïve_P2.3-3,,30.4374440796271,24.4324478564311
Rd2.3_P3+4_WT_20210726,G3,Naïve_P2.3-3,Naïve_P2.3-3,,30.6445375364099,24.475213276204
Rd2.3_P3+4_WT_20210726,G4,Naïve_P2.3-3,Naïve_P2.3-3,,30.2737591756866,24.0396955545471
Rd2.3_P3+4_WT_20210726,G5,Naïve_P2.3-3,Naïve_P2.3-3,,30.5373177626389,24.1170754258856
Rd2.3_P3+4_WT_20210726,G6,Naïve_P2.3-3,Naïve_P2.3-3,,30.2547242879978,24.1309450783784
Rd2.3_P3+4_WT_20210726,H1,Naïve_P2.3-3,Naïve_P2.3-3,,30.2093402214782,24.3068627419099
Rd2.3_P3+4_WT_20210726,H2,Naïve_P2.3-3,Naïve_P2.3-3,,31.0864416669356,24.3720502796014
Rd2.3_P3+4_WT_20210726,H3,Naïve_P2.3-3,Naïve_P2.3-3,,31.1164949398112,24.3976948719802
Rd2.3_P3+4_WT_20210726,H4,Naïve_P2.3-3,Naïve_P2.3-3,,30.6924590792989,24.1473417623787
Rd2.3_P3+4_WT_20210726,H5,Naïve_P2.3-3,Naïve_P2.3-3,,30.6941890440116,24.2222018330385
Rd2.3_P3+4_WT_20210726,H6,Naïve_P2.3-3,Naïve_P2.3-3,,30.745710257609,24.2224633432444
Rd2.3_P3+4_WT_20210726,O1,Naïve_P2.3-4,Naïve_P2.3-4,,37.1846611002736,31.411257730022
Rd2.3_P3+4_WT_20210726,O2,Naïve_P2.3-4,Naïve_P2.3-4,,37.2440930596894,31.3666684126856
Rd2.3_P3+4_WT_20210726,O3,Naïve_P2.3-4,Naïve_P2.3-4,,40.0,31.2378153861331
Rd2.3_P3+4_WT_20210726,O4,Naïve_P2.3-4,Naïve_P2.3-4,,30.7597745293348,24.0126319808946
Rd2.3_P3+4_WT_20210726,O5,Naïve_P2.3-4,Naïve_P2.3-4,,30.6479858072502,24.0402860268845
Rd2.3_P3+4_WT_20210726,O6,Naïve_P2.3-4,Naïve_P2.3-4,,30.6670557813541,24.0780813892275
Rd2.3_P3+4_WT_20210726,P1,Naïve_P2.3-4,Naïve_P2.3-4,,30.546811953685,24.0223212330359
Rd2.3_P3+4_WT_20210726,P2,Naïve_P2.3-4,Naïve_P2.3-4,,30.6987450726346,24.0474911354716
Rd2.3_P3+4_WT_20210726,P3,Naïve_P2.3-4,Naïve_P2.3-4,,30.8378864072417,24.0366548781277
Rd2.3_P3+4_WT_20210726,P4,Naïve_P2.3-4,Naïve_P2.3-4,,30.3275940407385,24.0161610269818
Rd2.3_P3+4_WT_20210726,P5,Naïve_P2.3-4,Naïve_P2.3-4,,30.3002862374855,23.998540160897
Rd2.3_P3+4_WT_20210726,P6,Naïve_P2.3-4,Naïve_P2.3-4,,30.6390633283759,24.0563406761136
