Experiment Name,Position,SampleName,ASO Description ,Target SNP ID,CrossingPoint,Unnamed: 6,dCt,Unnamed: 8,Avg,SD,ddCt,Avg_ddCt,Exp
R3.1 P4-1+P5-1_Total_20210826,O1,Naïve_R3.1P5-1,Naïve_R3.1P5-1,,30.5409449705238,25.1834034298993,5.357541540624499,5.220465312639633,5.25540921581305,0.13492680553970934,0.10213232481144896,-0.034943903173416814,1.0245169855984073
R3.1 P4-1+P5-1_Total_20210826,O2,Naïve_R3.1P5-1,Naïve_R3.1P5-1,,30.3405207938331,25.2156862369218,5.124834556911299,,,,-0.13057465890175113,,
R3.1 P4-1+P5-1_Total_20210826,O3,Naïve_R3.1P5-1,Naïve_R3.1P5-1,,30.4103502252801,25.231330384897,5.179019840383102,,,,-0.07638937542994828,,
R3.1 P4-1+P5-1_Total_20210826,O4,Naïve_R3.1P5-1,Naïve_R3.1P5-1,,30.593026801721,25.1567281507437,5.4362986509772995,5.4169015173357,,,0.18088943516424916,0.1614923015226498,0.8940997494359342
R3.1 P4-1+P5-1_Total_20210826,O5,Naïve_R3.1P5-1,Naïve_R3.1P5-1,,30.6324320310638,25.2160717187469,5.4163603123169,,,,0.1609510965038501,,
R3.1 P4-1+P5-1_Total_20210826,O6,Naïve_R3.1P5-1,Naïve_R3.1P5-1,,30.6730644830297,25.2750188943168,5.3980455887129,,,,0.1426363728998501,,
R3.1 P4-1+P5-1_Total_20210826,P13,Naïve_R3.1P5-1,Naïve_R3.1P5-1,,30.1308727637137,25.0356600695627,5.095212694151002,5.093881161301867,,,-0.16019652166204867,-0.16152805451118338,1.1184711583032747
R3.1 P4-1+P5-1_Total_20210826,P14,Naïve_R3.1P5-1,Naïve_R3.1P5-1,,30.3767967964537,25.099765327768,5.277031468685699,,,,0.02162225287264885,,
R3.1 P4-1+P5-1_Total_20210826,P15,Naïve_R3.1P5-1,Naïve_R3.1P5-1,,30.0925152039824,25.1831158829135,4.9093993210689,,,,-0.34600989474415034,,
R3.1 P4-1+P5-1_Total_20210826,P16,Naïve_R3.1P5-1,Naïve_R3.1P5-1,,30.3815288484918,25.1115402620192,5.2699885864726,5.290388871975,,,0.014579370659549618,0.03497965616194924,0.9760455241645434
R3.1 P4-1+P5-1_Total_20210826,P17,Naïve_R3.1P5-1,Naïve_R3.1P5-1,,30.471541777772,25.1678888315311,5.303652946240899,,,,0.04824373042784824,,
R3.1 P4-1+P5-1_Total_20210826,P18,Naïve_R3.1P5-1,Naïve_R3.1P5-1,,30.5819465604795,25.284421477268,5.2975250832115,,,,0.04211586739844986,,
R3.1 P4-1+P5-1_Total_20210826,O7,Ionis1375651_10_R3.1P5-1,Ionis1375651_10uM_R3.1P5-1,,31.7113409358574,24.9684153536186,6.742925582238801,,,,1.4875163664257505,1.3613262853216506,0.3892243071464694
R3.1 P4-1+P5-1_Total_20210826,O8,Ionis1375651_10_R3.1P5-1,Ionis1375651_10uM_R3.1P5-1,,31.779405206314,25.08931225781,6.690092948503999,,,,1.4346837326909485,,
R3.1 P4-1+P5-1_Total_20210826,O9,Ionis1375651_10_R3.1P5-1,Ionis1375651_10uM_R3.1P5-1,,31.5630696901948,25.1458817175335,6.417187972661303,,,,1.1617787568482525,,
R3.1 P4-1+P5-1_Total_20210826,P1,Ionis1375651_10_R3.1P5-1,Ionis1375651_10uM_R3.1P5-1,,31.6061791088164,25.1968842632956,6.409294845520797,,,,1.153885629707747,1.1994115438482817,0.4354528608696969
R3.1 P4-1+P5-1_Total_20210826,P2,Ionis1375651_10_R3.1P5-1,Ionis1375651_10uM_R3.1P5-1,,31.8108195897691,25.2208501661749,6.5899694235942015,,,,1.3345602077811511,,
R3.1 P4-1+P5-1_Total_20210826,P3,Ionis1375651_10_R3.1P5-1,Ionis1375651_10uM_R3.1P5-1,,31.5969924469259,25.2317944370569,6.3651980098689975,,,,1.1097887940559472,,
R3.1 P4-1+P5-1_Total_20210826,O10,Ionis1375651_3_R3.1P5-1,Ionis1375651_3uM_R3.1P5-1,,30.814196422331,24.5897936778801,6.224402744450902,,,,0.9689935286378519,0.9243220193816853,0.5269280845727229
R3.1 P4-1+P5-1_Total_20210826,O11,Ionis1375651_3_R3.1P5-1,Ionis1375651_3uM_R3.1P5-1,,30.8605497746992,24.6469692131478,6.213580561551403,,,,0.9581713457383527,,
R3.1 P4-1+P5-1_Total_20210826,O12,Ionis1375651_3_R3.1P5-1,Ionis1375651_3uM_R3.1P5-1,,30.7793574348108,24.6781470352289,6.101210399581902,,,,0.8458011837688515,,
R3.1 P4-1+P5-1_Total_20210826,P4,Ionis1375651_3_R3.1P5-1,Ionis1375651_3uM_R3.1P5-1,,31.0144574884308,24.9848764755673,6.029581012863499,,,,0.7741717970504487,0.731100807671182,0.602444060517185
R3.1 P4-1+P5-1_Total_20210826,P5,Ionis1375651_3_R3.1P5-1,Ionis1375651_3uM_R3.1P5-1,,31.1834844100245,25.0936725374756,6.0898118725489,,,,0.8344026567358496,,
R3.1 P4-1+P5-1_Total_20210826,P6,Ionis1375651_3_R3.1P5-1,Ionis1375651_3uM_R3.1P5-1,,30.9555575908336,25.1154204057933,5.840137185040298,,,,0.5847279692272478,,
R3.1 P4-1+P5-1_Total_20210826,O13,Ionis676630_10_R3.1P5-1,Ionis676630_10uM_R3.1P5-1,,30.3677940445017,24.1920057847852,6.1757882597165015,,,,0.9203790439034512,0.790909335705383,0.5779796745174889
R3.1 P4-1+P5-1_Total_20210826,O14,Ionis676630_10_R3.1P5-1,Ionis676630_10uM_R3.1P5-1,,30.6017359622362,24.5728802783353,6.0288556839009,,,,0.7734464680878501,,
R3.1 P4-1+P5-1_Total_20210826,O15,Ionis676630_10_R3.1P5-1,Ionis676630_10uM_R3.1P5-1,,30.5499953444313,24.6156836334934,5.934311710937898,,,,0.6789024951248477,,
R3.1 P4-1+P5-1_Total_20210826,O16,Ionis676630_10_R3.1P5-1,Ionis676630_10uM_R3.1P5-1,,30.3531684784935,24.2587460923814,6.0944223861121,,,,0.83901317029905,0.9206906384354493,0.5282560761177899
R3.1 P4-1+P5-1_Total_20210826,O17,Ionis676630_10_R3.1P5-1,Ionis676630_10uM_R3.1P5-1,,30.4826027160977,24.302012604728,6.1805901113697,,,,0.9251808955566494,,
R3.1 P4-1+P5-1_Total_20210826,O18,Ionis676630_10_R3.1P5-1,Ionis676630_10uM_R3.1P5-1,,30.686684294183,24.4333972289193,6.253287065263699,,,,0.9978778494506484,,
R3.1 P4-1+P5-1_Total_20210826,P7,Ionis676630_10_R3.1P5-1,Ionis676630_10uM_R3.1P5-1,,30.253482756987,24.3762937350996,5.8771890218874,,,,0.6217798060743496,0.6325562264034165,0.6450325070835606
R3.1 P4-1+P5-1_Total_20210826,P8,Ionis676630_10_R3.1P5-1,Ionis676630_10uM_R3.1P5-1,,30.3091253583958,24.4855314168041,5.8235939415916995,,,,0.5681847257786492,,
R3.1 P4-1+P5-1_Total_20210826,P9,Ionis676630_10_R3.1P5-1,Ionis676630_10uM_R3.1P5-1,,30.475187452834,24.5120740896637,5.963113363170301,,,,0.7077041473572505,,
R3.1 P4-1+P5-1_Total_20210826,P10,Ionis676630_10_R3.1P5-1,Ionis676630_10uM_R3.1P5-1,,30.4891961030565,25.6343105936323,4.8548855094242,,,,-0.40052370638885026,0.07079275258304947,0.952114672767609
R3.1 P4-1+P5-1_Total_20210826,P11,Ionis676630_10_R3.1P5-1,Ionis676630_10uM_R3.1P5-1,,30.5746297596978,25.0614307494646,5.513199010233201,,,,0.2577897944201508,,
R3.1 P4-1+P5-1_Total_20210826,P12,Ionis676630_10_R3.1P5-1,Ionis676630_10uM_R3.1P5-1,,30.6564740341729,25.045952648642,5.610521385530898,,,,0.35511216971784787,,
R3.1 P4-1+P5-1_Total_20210826,N13,ASO193_10_R3.1P5-1,KQ954_L20_5-10-5_10uM_R3.1P5-1,rs3787130,31.0226673027619,24.8325578293462,6.190109473415699,,,,0.9347002576026489,0.8738960683068487,0.5456712472464189
R3.1 P4-1+P5-1_Total_20210826,N14,ASO193_10_R3.1P5-1,KQ954_L20_5-10-5_10uM_R3.1P5-1,rs3787130,30.9172588954428,24.875241147733,6.042017747709799,,,,0.7866085318967491,,
R3.1 P4-1+P5-1_Total_20210826,N15,ASO193_10_R3.1P5-1,KQ954_L20_5-10-5_10uM_R3.1P5-1,rs3787130,31.0535549136434,24.8977662824092,6.1557886312341985,,,,0.9003794154211482,,
R3.1 P4-1+P5-1_Total_20210826,N16,ASO193_10_R3.1P5-1,KQ954_L20_5-10-5_10uM_R3.1P5-1,rs3787130,31.0702852615076,24.7954021903044,6.274883071203199,,,,1.0194738553901486,1.0432156805152155,0.48524468618637806
R3.1 P4-1+P5-1_Total_20210826,N17,ASO193_10_R3.1P5-1,KQ954_L20_5-10-5_10uM_R3.1P5-1,rs3787130,31.0943066094844,24.7724125318159,6.3218940776684995,,,,1.0664848618554492,,
R3.1 P4-1+P5-1_Total_20210826,N18,ASO193_10_R3.1P5-1,KQ954_L20_5-10-5_10uM_R3.1P5-1,rs3787130,31.1481171153577,24.8490195752446,6.299097540113099,,,,1.0436883243000485,,
R3.1 P4-1+P5-1_Total_20210826,N19,ASO193_3_R3.1P5-1,KQ954_L20_5-10-5_3uM_R3.1P5-1,rs3787130,30.5554099725816,24.8621069688365,5.6933030037451005,,,,0.43789378793205014,0.46984919828295,0.722040067065749
R3.1 P4-1+P5-1_Total_20210826,N20,ASO193_3_R3.1P5-1,KQ954_L20_5-10-5_3uM_R3.1P5-1,rs3787130,30.6309242169892,24.8986982151694,5.7322260018198,,,,0.4768167860067498,,
R3.1 P4-1+P5-1_Total_20210826,N21,ASO193_3_R3.1P5-1,KQ954_L20_5-10-5_3uM_R3.1P5-1,rs3787130,30.7158826772028,24.9656364404797,5.7502462367231,,,,0.4948370209100501,,
R3.1 P4-1+P5-1_Total_20210826,N22,ASO193_3_R3.1P5-1,KQ954_L20_5-10-5_3uM_R3.1P5-1,rs3787130,30.8978872165598,24.9085891780012,5.989298038558598,,,,0.7338888227455476,0.6056181033291498,0.6571897556464827
R3.1 P4-1+P5-1_Total_20210826,N23,ASO193_3_R3.1P5-1,KQ954_L20_5-10-5_3uM_R3.1P5-1,rs3787130,30.7959880571827,25.0606547414518,5.735333315730902,,,,0.47992409991785134,,
R3.1 P4-1+P5-1_Total_20210826,N24,ASO193_3_R3.1P5-1,KQ954_L20_5-10-5_3uM_R3.1P5-1,rs3787130,30.8584603012758,25.0000096981387,5.858450603137101,,,,0.6030413873240503,,
R3.1 P4-1+P5-1_Total_20210826,M13,ASO194-2nd_10_R3.1P5-1,KQ955_2nd batch_L20_5-10-5_10uM_R3.1P5-1,rs3787130,31.3626283349532,24.6631213222832,6.699507012670001,,,,1.4440977968569504,1.3712514027586833,0.3865558019868739
R3.1 P4-1+P5-1_Total_20210826,M14,ASO194-2nd_10_R3.1P5-1,KQ955_2nd batch_L20_5-10-5_10uM_R3.1P5-1,rs3787130,31.3692859622325,24.761305169329,6.607980792903501,,,,1.3525715770904503,,
R3.1 P4-1+P5-1_Total_20210826,M15,ASO194-2nd_10_R3.1P5-1,KQ955_2nd batch_L20_5-10-5_10uM_R3.1P5-1,rs3787130,31.3944518457715,24.8219577956298,6.5724940501416995,,,,1.3170848343286492,,
R3.1 P4-1+P5-1_Total_20210826,M16,ASO194-2nd_10_R3.1P5-1,KQ955_2nd batch_L20_5-10-5_10uM_R3.1P5-1,rs3787130,31.2288363057819,24.8023977133597,6.426438592422201,,,,1.1710293766091509,1.2817616158908167,0.4112929888512038
R3.1 P4-1+P5-1_Total_20210826,M17,ASO194-2nd_10_R3.1P5-1,KQ955_2nd batch_L20_5-10-5_10uM_R3.1P5-1,rs3787130,31.3498221273115,24.8355813355731,6.514240791738402,,,,1.2588315759253517,,
R3.1 P4-1+P5-1_Total_20210826,M18,ASO194-2nd_10_R3.1P5-1,KQ955_2nd batch_L20_5-10-5_10uM_R3.1P5-1,rs3787130,31.5320919463104,24.8612588353594,6.670833110950998,,,,1.4154238951379474,,
R3.1 P4-1+P5-1_Total_20210826,M19,ASO194-2nd_3_R3.1P5-1,KQ955_2nd batch_L20_5-10-5_3uM_R3.1P5-1,rs3787130,31.0330494975894,25.1856185811094,5.8474309164800005,,,,0.5920217006669501,0.6213810804181158,0.6500483436934639
R3.1 P4-1+P5-1_Total_20210826,M20,ASO194-2nd_3_R3.1P5-1,KQ955_2nd batch_L20_5-10-5_3uM_R3.1P5-1,rs3787130,31.2790572180208,25.2558337731113,6.023223444909501,,,,0.7678142290964507,,
R3.1 P4-1+P5-1_Total_20210826,M21,ASO194-2nd_3_R3.1P5-1,KQ955_2nd batch_L20_5-10-5_3uM_R3.1P5-1,rs3787130,31.1083436531905,25.3486271258865,5.759716527303997,,,,0.5043073114909467,,
R3.1 P4-1+P5-1_Total_20210826,M22,ASO194-2nd_3_R3.1P5-1,KQ955_2nd batch_L20_5-10-5_3uM_R3.1P5-1,rs3787130,31.5158175504329,26.6528594844385,4.862958065994398,,,,-0.39245114981865203,-0.4510535041012173,1.3670381492750419
R3.1 P4-1+P5-1_Total_20210826,M23,ASO194-2nd_3_R3.1P5-1,KQ955_2nd batch_L20_5-10-5_3uM_R3.1P5-1,rs3787130,31.6507781061664,26.7792600330253,4.8715180731411,,,,-0.38389114267195,,
R3.1 P4-1+P5-1_Total_20210826,M24,ASO194-2nd_3_R3.1P5-1,KQ955_2nd batch_L20_5-10-5_3uM_R3.1P5-1,rs3787130,31.5286237866324,26.8500327906324,4.6785909960000005,,,,-0.5768182198130498,,
R3.1 P4-1+P5-1_Total_20210826,N1,ASO195-2nd_10_R3.1P5-1,KQ956_2nd batch_L20_5-10-5_10uM_R3.1P5-1,rs3787130,31.0596459717527,24.6251285116759,6.434517460076801,,,,1.1791082442637508,1.1834081374464491,0.4403101060126666
R3.1 P4-1+P5-1_Total_20210826,N2,ASO195-2nd_10_R3.1P5-1,KQ956_2nd batch_L20_5-10-5_10uM_R3.1P5-1,rs3787130,31.1339407073225,24.6827290605226,6.451211646799898,,,,1.1958024309868476,,
R3.1 P4-1+P5-1_Total_20210826,N3,ASO195-2nd_10_R3.1P5-1,KQ956_2nd batch_L20_5-10-5_10uM_R3.1P5-1,rs3787130,31.1565072391717,24.7257842862699,6.4307229529017995,,,,1.1753137370887492,,
R3.1 P4-1+P5-1_Total_20210826,N4,ASO195-2nd_10_R3.1P5-1,KQ956_2nd batch_L20_5-10-5_10uM_R3.1P5-1,rs3787130,31.4224517104851,25.5587499651504,5.863701745334698,,,,0.6082925295216475,0.7142438484047492,0.6095245147699713
R3.1 P4-1+P5-1_Total_20210826,N5,ASO195-2nd_10_R3.1P5-1,KQ956_2nd batch_L20_5-10-5_10uM_R3.1P5-1,rs3787130,31.5618187930729,25.5293791336111,6.032439659461797,,,,0.777030443648747,,
R3.1 P4-1+P5-1_Total_20210826,N6,ASO195-2nd_10_R3.1P5-1,KQ956_2nd batch_L20_5-10-5_10uM_R3.1P5-1,rs3787130,31.5758712238336,25.5630534359767,6.012817787856903,,,,0.757408572043853,,
R3.1 P4-1+P5-1_Total_20210826,N7,ASO195-2nd_3_R3.1P5-1,KQ956_2nd batch_L20_5-10-5_3uM_R3.1P5-1,rs3787130,30.8864458070399,25.0852788971858,5.801166909854103,,,,0.5457576940410531,0.5388525086253836,0.6883181661881688
R3.1 P4-1+P5-1_Total_20210826,N8,ASO195-2nd_3_R3.1P5-1,KQ956_2nd batch_L20_5-10-5_3uM_R3.1P5-1,rs3787130,30.8841340893235,25.0931735522804,5.790960537043098,,,,0.5355513212300478,,
R3.1 P4-1+P5-1_Total_20210826,N9,ASO195-2nd_3_R3.1P5-1,KQ956_2nd batch_L20_5-10-5_3uM_R3.1P5-1,rs3787130,30.953655511274,25.1629977848559,5.7906577264181,,,,0.53524851060505,,
R3.1 P4-1+P5-1_Total_20210826,N10,ASO195-2nd_3_R3.1P5-1,KQ956_2nd batch_L20_5-10-5_3uM_R3.1P5-1,rs3787130,30.951426929937,25.288784368648,5.662642561289001,,,,0.4072333454759507,0.38229308851218285,0.7672171693326327
R3.1 P4-1+P5-1_Total_20210826,N11,ASO195-2nd_3_R3.1P5-1,KQ956_2nd batch_L20_5-10-5_3uM_R3.1P5-1,rs3787130,31.0560149966231,25.3956412797536,5.6603737168695005,,,,0.4049645010564502,,
R3.1 P4-1+P5-1_Total_20210826,N12,ASO195-2nd_3_R3.1P5-1,KQ956_2nd batch_L20_5-10-5_3uM_R3.1P5-1,rs3787130,30.9606049599192,25.370514325102,5.590090634817198,,,,0.3346814190041476,,
R3.1 P4-1+P5-1_Total_20210826,I1,ASO196-2nd_10_R3.1P5-1,KQ957_2nd batch_L20_5-10-5_10uM_R3.1P5-1,rs3787130,31.6868625421441,25.2161186862269,6.470743855917203,,,,1.2153346401041523,1.1623553210357167,0.4467825296583661
R3.1 P4-1+P5-1_Total_20210826,I2,ASO196-2nd_10_R3.1P5-1,KQ957_2nd batch_L20_5-10-5_10uM_R3.1P5-1,rs3787130,31.6657066327713,25.225284822726,6.440421810045301,,,,1.1850125942322505,,
R3.1 P4-1+P5-1_Total_20210826,I3,ASO196-2nd_10_R3.1P5-1,KQ957_2nd batch_L20_5-10-5_10uM_R3.1P5-1,rs3787130,31.605668925462,25.2635409808782,6.3421279445837975,,,,1.0867187287707472,,
R3.1 P4-1+P5-1_Total_20210826,I4,ASO196-2nd_10_R3.1P5-1,KQ957_2nd batch_L20_5-10-5_10uM_R3.1P5-1,rs3787130,31.5348849032161,25.2834140892955,6.251470813920598,,,,0.9960615981075476,0.9784910483998166,0.5075102803614663
R3.1 P4-1+P5-1_Total_20210826,I5,ASO196-2nd_10_R3.1P5-1,KQ957_2nd batch_L20_5-10-5_10uM_R3.1P5-1,rs3787130,31.5904990964369,25.3120752825016,6.2784238139353015,,,,1.0230145981222512,,
R3.1 P4-1+P5-1_Total_20210826,I6,ASO196-2nd_10_R3.1P5-1,KQ957_2nd batch_L20_5-10-5_10uM_R3.1P5-1,rs3787130,31.5635901436879,25.3917839789052,6.171806164782701,,,,0.9163969489696511,,
R3.1 P4-1+P5-1_Total_20210826,I7,ASO196-2nd_3_R3.1P5-1,KQ957_2nd batch_L20_5-10-5_3uM_R3.1P5-1,rs3787130,30.9867585601247,24.9218095706002,6.064948989524499,,,,0.8095397737114487,0.5304961164535499,0.6923166180858347
R3.1 P4-1+P5-1_Total_20210826,I8,ASO196-2nd_3_R3.1P5-1,KQ957_2nd batch_L20_5-10-5_3uM_R3.1P5-1,rs3787130,30.9886818181449,24.9714443108143,6.017237507330602,,,,0.7618282915175518,,
R3.1 P4-1+P5-1_Total_20210826,I9,ASO196-2nd_3_R3.1P5-1,KQ957_2nd batch_L20_5-10-5_3uM_R3.1P5-1,rs3787130,30.6774864094558,25.4019569095111,5.2755294999446996,,,,0.020120284131649235,,
R3.1 P4-1+P5-1_Total_20210826,I10,ASO196-2nd_3_R3.1P5-1,KQ957_2nd batch_L20_5-10-5_3uM_R3.1P5-1,rs3787130,31.0249496282686,25.3944970259554,5.630452602313202,,,,0.3750433865001517,0.37889938149011737,0.7690240481446755
R3.1 P4-1+P5-1_Total_20210826,I11,ASO196-2nd_3_R3.1P5-1,KQ957_2nd batch_L20_5-10-5_3uM_R3.1P5-1,rs3787130,31.0314272810145,25.3687783613439,5.662648919670602,,,,0.4072397038575515,,
R3.1 P4-1+P5-1_Total_20210826,I12,ASO196-2nd_3_R3.1P5-1,KQ957_2nd batch_L20_5-10-5_3uM_R3.1P5-1,rs3787130,31.1023322056703,25.4925079357446,5.609824269925699,,,,0.35441505411264895,,
R3.1 P4-1+P5-1_Total_20210826,J1,ASO591_10_R3.1P5-1,KQ2244_L20_6-08-6_10uM_R3.1P5-1,rs3787130,31.2416079429765,25.6367792885176,5.604828654458899,,,,0.3494194386458487,0.5535396703706494,0.6813463840448161
R3.1 P4-1+P5-1_Total_20210826,J2,ASO591_10_R3.1P5-1,KQ2244_L20_6-08-6_10uM_R3.1P5-1,rs3787130,31.2058130156715,25.642900522509,5.5629124931625,,,,0.3075032773494497,,
R3.1 P4-1+P5-1_Total_20210826,J3,ASO591_10_R3.1P5-1,KQ2244_L20_6-08-6_10uM_R3.1P5-1,rs3787130,31.940673777071,25.6815682661413,6.2591055109297,,,,1.00369629511665,,
R3.1 P4-1+P5-1_Total_20210826,J4,ASO591_10_R3.1P5-1,KQ2244_L20_6-08-6_10uM_R3.1P5-1,rs3787130,31.3606485871863,25.1587104152686,6.2019381719177,,,,0.9465289561046495,0.7396820913612508,0.5988713035399812
R3.1 P4-1+P5-1_Total_20210826,J5,ASO591_10_R3.1P5-1,KQ2244_L20_6-08-6_10uM_R3.1P5-1,rs3787130,31.0786812519758,25.180115790977,5.898565460998803,,,,0.6431562451857529,,
R3.1 P4-1+P5-1_Total_20210826,J6,ASO591_10_R3.1P5-1,KQ2244_L20_6-08-6_10uM_R3.1P5-1,rs3787130,31.1071066001698,25.2223363115634,5.884770288606401,,,,0.6293610727933503,,
R3.1 P4-1+P5-1_Total_20210826,J7,ASO591_3_R3.1P5-1,KQ2244_L20_6-08-6_3uM_R3.1P5-1,rs3787130,30.8037271317348,24.8860330086196,5.917694123115201,,,,0.6622849073021504,0.5964902970480498,0.6613609195605414
R3.1 P4-1+P5-1_Total_20210826,J8,ASO591_3_R3.1P5-1,KQ2244_L20_6-08-6_3uM_R3.1P5-1,rs3787130,30.8131012602128,25.0542751295843,5.758826130628499,,,,0.5034169148154488,,
R3.1 P4-1+P5-1_Total_20210826,J9,ASO591_3_R3.1P5-1,KQ2244_L20_6-08-6_3uM_R3.1P5-1,rs3787130,31.0056693242719,25.1264910394323,5.8791782848396,,,,0.62376906902655,,
R3.1 P4-1+P5-1_Total_20210826,J10,ASO591_3_R3.1P5-1,KQ2244_L20_6-08-6_3uM_R3.1P5-1,rs3787130,30.6263829187875,24.5816794292738,6.044703489513697,,,,0.789294273700647,0.7707193600412164,0.5861251466232034
R3.1 P4-1+P5-1_Total_20210826,J11,ASO591_3_R3.1P5-1,KQ2244_L20_6-08-6_3uM_R3.1P5-1,rs3787130,30.7786989635368,24.6788930166313,6.0998059469055015,,,,0.8443967310924512,,
R3.1 P4-1+P5-1_Total_20210826,J12,ASO591_3_R3.1P5-1,KQ2244_L20_6-08-6_3uM_R3.1P5-1,rs3787130,30.6729150489043,24.7390387577607,5.933876291143601,,,,0.6784670753305511,,
R3.1 P4-1+P5-1_Total_20210826,K1,ASO592_10_R3.1P5-1,KQ2245_L20_5-09-6_10uM_R3.1P5-1,rs3787130,31.3324712349787,25.2556580094057,6.076813225573002,,,,0.8214040097599513,0.7255611383095172,0.6047617758966943
R3.1 P4-1+P5-1_Total_20210826,K2,ASO592_10_R3.1P5-1,KQ2245_L20_5-09-6_10uM_R3.1P5-1,rs3787130,31.103703603771,25.2527733903204,5.850930213450599,,,,0.5955209976375491,,
R3.1 P4-1+P5-1_Total_20210826,K3,ASO592_10_R3.1P5-1,KQ2245_L20_5-09-6_10uM_R3.1P5-1,rs3787130,31.2359636516756,25.2207960283315,6.015167623344102,,,,0.7597584075310513,,
R3.1 P4-1+P5-1_Total_20210826,K4,ASO592_10_R3.1P5-1,KQ2245_L20_5-09-6_10uM_R3.1P5-1,rs3787130,31.0603328268638,25.0250034422412,6.0353293846225995,,,,0.7799201688095492,0.8256592829714154,0.5642243041829021
R3.1 P4-1+P5-1_Total_20210826,K5,ASO592_10_R3.1P5-1,KQ2245_L20_5-09-6_10uM_R3.1P5-1,rs3787130,31.3597564291987,25.1608889003137,6.198867528885,,,,0.9434583130719494,,
R3.1 P4-1+P5-1_Total_20210826,K6,ASO592_10_R3.1P5-1,KQ2245_L20_5-09-6_10uM_R3.1P5-1,rs3787130,31.282195729046,25.2731871462002,6.009008582845798,,,,0.7535993670327477,,
R3.1 P4-1+P5-1_Total_20210826,K7,ASO592_3_R3.1P5-1,KQ2245_L20_5-09-6_3uM_R3.1P5-1,rs3787130,30.6377989657963,24.7014872338869,5.936311731909399,,,,0.6809025160963484,0.7833527521418508,0.5810149729110813
R3.1 P4-1+P5-1_Total_20210826,K8,ASO592_3_R3.1P5-1,KQ2245_L20_5-09-6_3uM_R3.1P5-1,rs3787130,30.5536774378597,24.3545150387479,6.199162399111803,,,,0.9437531832987522,,
R3.1 P4-1+P5-1_Total_20210826,K9,ASO592_3_R3.1P5-1,KQ2245_L20_5-09-6_3uM_R3.1P5-1,rs3787130,30.4986310950635,24.51781932222,5.980811772843502,,,,0.7254025570304519,,
R3.1 P4-1+P5-1_Total_20210826,K10,ASO592_3_R3.1P5-1,KQ2245_L20_5-09-6_3uM_R3.1P5-1,rs3787130,30.4070625434583,24.5536115540689,5.853450989389398,,,,0.5980417735763472,0.7669170802061821,0.5876719400491058
R3.1 P4-1+P5-1_Total_20210826,K11,ASO592_3_R3.1P5-1,KQ2245_L20_5-09-6_3uM_R3.1P5-1,rs3787130,30.6176986151337,24.5808306061063,6.036868009027401,,,,0.7814587932143509,,
R3.1 P4-1+P5-1_Total_20210826,K12,ASO592_3_R3.1P5-1,KQ2245_L20_5-09-6_3uM_R3.1P5-1,rs3787130,30.8534952007861,24.6768353111452,6.176659889640899,,,,0.9212506738278483,,
R3.1 P4-1+P5-1_Total_20210826,L1,ASO593_10_R3.1P5-1,KQ2246_L20_6-09-5_10uM_R3.1P5-1,rs3787130,31.1503819974084,24.3603853478413,6.789996649567097,,,,1.534587433754047,1.5004950917402484,0.35343208198175435
R3.1 P4-1+P5-1_Total_20210826,L2,ASO593_10_R3.1P5-1,KQ2246_L20_6-09-5_10uM_R3.1P5-1,rs3787130,31.0201055766839,24.4174579210135,6.602647655670399,,,,1.3472384398573487,,
R3.1 P4-1+P5-1_Total_20210826,L3,ASO593_10_R3.1P5-1,KQ2246_L20_6-09-5_10uM_R3.1P5-1,rs3787130,31.2638242551346,24.3887556377122,6.8750686174224,,,,1.6196594016093497,,
R3.1 P4-1+P5-1_Total_20210826,L4,ASO593_10_R3.1P5-1,KQ2246_L20_6-09-5_10uM_R3.1P5-1,rs3787130,30.9931890468437,24.4167273992611,6.576461647582601,,,,1.3210524317695507,1.346003315400817,0.39338031866388246
R3.1 P4-1+P5-1_Total_20210826,L5,ASO593_10_R3.1P5-1,KQ2246_L20_6-09-5_10uM_R3.1P5-1,rs3787130,31.03418218835,24.4979263206396,6.536255867710402,,,,1.2808466518973516,,
R3.1 P4-1+P5-1_Total_20210826,L6,ASO593_10_R3.1P5-1,KQ2246_L20_6-09-5_10uM_R3.1P5-1,rs3787130,31.1128875886656,24.421367510317,6.691520078348599,,,,1.436110862535549,,
R3.1 P4-1+P5-1_Total_20210826,L7,ASO593_3_R3.1P5-1,KQ2246_L20_6-09-5_3uM_R3.1P5-1,rs3787130,30.8218880281095,24.5049111604731,6.316976867636399,,,,1.0615676518233483,0.9519914070569161,0.5169184469711673
R3.1 P4-1+P5-1_Total_20210826,L8,ASO593_3_R3.1P5-1,KQ2246_L20_6-09-5_3uM_R3.1P5-1,rs3787130,30.8033571183919,24.5622703159378,6.241086802454102,,,,0.9856775866410521,,
R3.1 P4-1+P5-1_Total_20210826,L9,ASO593_3_R3.1P5-1,KQ2246_L20_6-09-5_3uM_R3.1P5-1,rs3787130,30.6919952341271,24.6278570356077,6.064138198519398,,,,0.8087289827063477,,
R3.1 P4-1+P5-1_Total_20210826,L10,ASO593_3_R3.1P5-1,KQ2246_L20_6-09-5_3uM_R3.1P5-1,rs3787130,30.488781375285,24.2815961872356,6.207185188049401,,,,0.9517759722363506,1.0160379877294512,0.49447243802198493
R3.1 P4-1+P5-1_Total_20210826,L11,ASO593_3_R3.1P5-1,KQ2246_L20_6-09-5_3uM_R3.1P5-1,rs3787130,30.6712865317632,24.3515294836225,6.319757048140701,,,,1.064347832327651,,
R3.1 P4-1+P5-1_Total_20210826,L12,ASO593_3_R3.1P5-1,KQ2246_L20_6-09-5_3uM_R3.1P5-1,rs3787130,30.6991500101097,24.4117506356723,6.287399374437403,,,,1.0319901586243523,,
R3.1 P4-1+P5-1_Total_20210826,I13,ASO594_10_R3.1P5-1,KQ2247_L20_6-08-6_10uM_R3.1P5-1,rs3787130,31.2694751906726,25.137068543939,6.1324066467336,,,,0.8769974309205493,0.9166029963198161,0.5297549262962755
R3.1 P4-1+P5-1_Total_20210826,I14,ASO594_10_R3.1P5-1,KQ2247_L20_6-08-6_10uM_R3.1P5-1,rs3787130,31.355495528734,25.2264628812499,6.129032647484099,,,,0.8736234316710485,,
R3.1 P4-1+P5-1_Total_20210826,I15,ASO594_10_R3.1P5-1,KQ2247_L20_6-08-6_10uM_R3.1P5-1,rs3787130,31.47260160651,25.2180042643291,6.254597342180901,,,,0.9991881263678506,,
R3.1 P4-1+P5-1_Total_20210826,I16,ASO594_10_R3.1P5-1,KQ2247_L20_6-08-6_10uM_R3.1P5-1,rs3787130,31.2421395487411,25.5688520384129,5.673287510328201,,,,0.4178782945151509,0.40678853828021655,0.7543005911674074
R3.1 P4-1+P5-1_Total_20210826,I17,ASO594_10_R3.1P5-1,KQ2247_L20_6-08-6_10uM_R3.1P5-1,rs3787130,31.1214554706328,25.6165425300999,5.5049129405329005,,,,0.24950372471985016,,
R3.1 P4-1+P5-1_Total_20210826,I18,ASO594_10_R3.1P5-1,KQ2247_L20_6-08-6_10uM_R3.1P5-1,rs3787130,31.482534160466,25.6741413490473,5.808392811418699,,,,0.5529835956056486,,
R3.1 P4-1+P5-1_Total_20210826,I19,ASO594_3_R3.1P5-1,KQ2247_L20_6-08-6_3uM_R3.1P5-1,rs3787130,30.9560820442433,24.7440534303783,6.212028613864998,,,,0.9566193980519477,0.8619821222235163,0.5501961226328631
R3.1 P4-1+P5-1_Total_20210826,I20,ASO594_3_R3.1P5-1,KQ2247_L20_6-08-6_3uM_R3.1P5-1,rs3787130,31.0167498239977,24.8330731370189,6.183676686978799,,,,0.928267471165749,,
R3.1 P4-1+P5-1_Total_20210826,I21,ASO594_3_R3.1P5-1,KQ2247_L20_6-08-6_3uM_R3.1P5-1,rs3787130,30.8131920051349,24.856723291869,5.956468713265902,,,,0.7010594974528521,,
R3.1 P4-1+P5-1_Total_20210826,I22,ASO594_3_R3.1P5-1,KQ2247_L20_6-08-6_3uM_R3.1P5-1,rs3787130,30.8661319890854,24.9220376928247,5.944094296260701,,,,0.6886850804476508,0.6277393781102173,0.6471897310718777
R3.1 P4-1+P5-1_Total_20210826,I23,ASO594_3_R3.1P5-1,KQ2247_L20_6-08-6_3uM_R3.1P5-1,rs3787130,31.0168097974784,25.0693552095863,5.9474545878921,,,,0.6920453720790496,,
R3.1 P4-1+P5-1_Total_20210826,I24,ASO594_3_R3.1P5-1,KQ2247_L20_6-08-6_3uM_R3.1P5-1,rs3787130,30.9074863520165,25.1495894543995,5.757896897617002,,,,0.5024876818039514,,
R3.1 P4-1+P5-1_Total_20210826,J13,ASO595_10_R3.1P5-1,KQ2248_L20_5-09-6_10uM_R3.1P5-1,rs3787130,31.3209793014302,24.7640255574441,6.556953743986099,,,,1.301544528173049,1.2472322519805503,0.4212555935428389
R3.1 P4-1+P5-1_Total_20210826,J14,ASO595_10_R3.1P5-1,KQ2248_L20_5-09-6_10uM_R3.1P5-1,rs3787130,31.2879775931898,24.776601680815,6.5113759123748025,,,,1.2559666965617522,,
R3.1 P4-1+P5-1_Total_20210826,J15,ASO595_10_R3.1P5-1,KQ2248_L20_5-09-6_10uM_R3.1P5-1,rs3787130,31.317644759271,24.8780500122511,6.4395947470199,,,,1.1841855312068494,,
R3.1 P4-1+P5-1_Total_20210826,J16,ASO595_10_R3.1P5-1,KQ2248_L20_5-09-6_10uM_R3.1P5-1,rs3787130,31.2546642963323,25.0322587412489,6.222405555083402,,,,0.9669963392703513,0.8981401289105836,0.5365780228640302
R3.1 P4-1+P5-1_Total_20210826,J17,ASO595_10_R3.1P5-1,KQ2248_L20_5-09-6_10uM_R3.1P5-1,rs3787130,31.1212847933521,25.0905504429435,6.030734350408601,,,,0.7753251345955503,,
R3.1 P4-1+P5-1_Total_20210826,J18,ASO595_10_R3.1P5-1,KQ2248_L20_5-09-6_10uM_R3.1P5-1,rs3787130,31.349110338332,25.1416022096531,6.207508128678899,,,,0.952098912865849,,
R3.1 P4-1+P5-1_Total_20210826,J19,ASO595_3_R3.1P5-1,KQ2248_L20_5-09-6_3uM_R3.1P5-1,rs3787130,30.8251729039756,24.9902855764761,5.834887327499498,,,,0.5794781116864476,0.5589581466171157,0.6787921817918438
R3.1 P4-1+P5-1_Total_20210826,J20,ASO595_3_R3.1P5-1,KQ2248_L20_5-09-6_3uM_R3.1P5-1,rs3787130,30.8179282840954,25.0124200166348,5.805508267460603,,,,0.5500990516475524,,
R3.1 P4-1+P5-1_Total_20210826,J21,ASO595_3_R3.1P5-1,KQ2248_L20_5-09-6_3uM_R3.1P5-1,rs3787130,30.8965135887991,25.0938070964687,5.8027064923303975,,,,0.5472972765173472,,
R3.1 P4-1+P5-1_Total_20210826,J22,ASO595_3_R3.1P5-1,KQ2248_L20_5-09-6_3uM_R3.1P5-1,rs3787130,30.7793110643725,24.7111556401952,6.068155424177299,,,,0.8127462083642483,0.6577957520537489,0.6338459907067197
R3.1 P4-1+P5-1_Total_20210826,J23,ASO595_3_R3.1P5-1,KQ2248_L20_5-09-6_3uM_R3.1P5-1,rs3787130,30.6445049397699,24.7969506670661,5.8475542727038,,,,0.5921450568907494,,
R3.1 P4-1+P5-1_Total_20210826,J24,ASO595_3_R3.1P5-1,KQ2248_L20_5-09-6_3uM_R3.1P5-1,rs3787130,30.7518830092416,24.9279778025223,5.823905206719299,,,,0.568495990906249,,
R3.1 P4-1+P5-1_Total_20210826,K13,ASO596_10_R3.1P5-1,KQ2249_L20_6-09-5_10uM_R3.1P5-1,rs3787130,31.3528597310815,25.2087624289301,6.144097302151401,,,,0.8886880863383508,0.8506097726224509,0.5545502990585802
R3.1 P4-1+P5-1_Total_20210826,K14,ASO596_10_R3.1P5-1,KQ2249_L20_6-09-5_10uM_R3.1P5-1,rs3787130,31.4811023800545,25.3651985099955,6.115903870059,,,,0.86049465424595,,
R3.1 P4-1+P5-1_Total_20210826,K15,ASO596_10_R3.1P5-1,KQ2249_L20_6-09-5_10uM_R3.1P5-1,rs3787130,31.5418517931196,25.4837960000235,6.058055793096102,,,,0.8026465772830518,,
R3.1 P4-1+P5-1_Total_20210826,K16,ASO596_10_R3.1P5-1,KQ2249_L20_6-09-5_10uM_R3.1P5-1,rs3787130,31.3418431062549,24.9313987139676,6.4104443922873,,,,1.1550351764742492,1.205825975189316,0.4335210719991151
R3.1 P4-1+P5-1_Total_20210826,K17,ASO596_10_R3.1P5-1,KQ2249_L20_6-09-5_10uM_R3.1P5-1,rs3787130,31.5240791097077,25.0294095038278,6.494669605879899,,,,1.2392603900668488,,
R3.1 P4-1+P5-1_Total_20210826,K18,ASO596_10_R3.1P5-1,KQ2249_L20_6-09-5_10uM_R3.1P5-1,rs3787130,31.5404702959448,25.0618787211049,6.4785915748399,,,,1.2231823590268496,,
R3.1 P4-1+P5-1_Total_20210826,K19,ASO596_3_R3.1P5-1,KQ2249_L20_6-09-5_3uM_R3.1P5-1,rs3787130,30.9205446757959,24.6725877397767,6.2479569360192,,,,0.9925477202061499,0.9385797440632832,0.5217462589076589
R3.1 P4-1+P5-1_Total_20210826,K20,ASO596_3_R3.1P5-1,KQ2249_L20_6-09-5_3uM_R3.1P5-1,rs3787130,30.9734296984756,24.7263775290505,6.2470521694251,,,,0.9916429536120495,,
R3.1 P4-1+P5-1_Total_20210826,K21,ASO596_3_R3.1P5-1,KQ2249_L20_6-09-5_3uM_R3.1P5-1,rs3787130,30.9135873819355,24.8266296077508,6.0869577741847,,,,0.83154855837165,,
R3.1 P4-1+P5-1_Total_20210826,K22,ASO596_3_R3.1P5-1,KQ2249_L20_6-09-5_3uM_R3.1P5-1,rs3787130,30.9128894322336,25.0013700627961,5.911519369437503,,,,0.6561101536244527,0.7342312074889502,0.6011382778162105
R3.1 P4-1+P5-1_Total_20210826,K23,ASO596_3_R3.1P5-1,KQ2249_L20_6-09-5_3uM_R3.1P5-1,rs3787130,31.1679745153821,25.0755580802747,6.092416435107399,,,,0.8370072192943487,,
R3.1 P4-1+P5-1_Total_20210826,K24,ASO596_3_R3.1P5-1,KQ2249_L20_6-09-5_3uM_R3.1P5-1,rs3787130,31.2087297163078,25.2437442509467,5.964985465361099,,,,0.7095762495480491,,
R3.1 P4-1+P5-1_Total_20210826,M1,ASO598_10_R3.1P5-1,KQ2251_L19_5-09-5_10uM_R3.1P5-1,rs3787130,30.7447228125784,24.5367010405726,6.2080217720058,,,,0.9526125561927499,0.9282262053789175,0.5255040524009283
R3.1 P4-1+P5-1_Total_20210826,M2,ASO598_10_R3.1P5-1,KQ2251_L19_5-09-5_10uM_R3.1P5-1,rs3787130,30.8657936836629,24.6274000752987,6.238393608364202,,,,0.9829843925511517,,
R3.1 P4-1+P5-1_Total_20210826,M3,ASO598_10_R3.1P5-1,KQ2251_L19_5-09-5_10uM_R3.1P5-1,rs3787130,30.7589226792318,24.6544317960259,6.1044908832059015,,,,0.8490816673928512,,
R3.1 P4-1+P5-1_Total_20210826,M4,ASO598_10_R3.1P5-1,KQ2251_L19_5-09-5_10uM_R3.1P5-1,rs3787130,30.6333754409275,24.4161291177822,6.2172463231453,,,,0.9618371073322498,0.9651783116320164,0.5122150997614643
R3.1 P4-1+P5-1_Total_20210826,M5,ASO598_10_R3.1P5-1,KQ2251_L19_5-09-5_10uM_R3.1P5-1,rs3787130,30.7290322525279,24.5116223508872,6.2174099016407,,,,0.9620006858276495,,
R3.1 P4-1+P5-1_Total_20210826,M6,ASO598_10_R3.1P5-1,KQ2251_L19_5-09-5_10uM_R3.1P5-1,rs3787130,30.7209632747956,24.4938569172464,6.2271063575492,,,,0.9716971417361497,,
R3.1 P4-1+P5-1_Total_20210826,M7,ASO598_3_R3.1P5-1,KQ2251_L19_5-09-5_3uM_R3.1P5-1,rs3787130,30.4924520969647,24.6928124040175,5.799639692947203,,,,0.5442304771341524,0.5201933569362506,0.6972783743071768
R3.1 P4-1+P5-1_Total_20210826,M8,ASO598_3_R3.1P5-1,KQ2251_L19_5-09-5_3uM_R3.1P5-1,rs3787130,30.5331638389806,24.71777890671,5.8153849322706,,,,0.5599757164575498,,
R3.1 P4-1+P5-1_Total_20210826,M9,ASO598_3_R3.1P5-1,KQ2251_L19_5-09-5_3uM_R3.1P5-1,rs3787130,30.4981496807528,24.7863665877227,5.7117830930301,,,,0.45637387721704936,,
R3.1 P4-1+P5-1_Total_20210826,M10,ASO598_3_R3.1P5-1,KQ2251_L19_5-09-5_3uM_R3.1P5-1,rs3787130,30.3840255203169,24.4050096062305,5.9790159140864,,,,0.7236066982733496,0.629904101339083,0.6462193693116423
R3.1 P4-1+P5-1_Total_20210826,M11,ASO598_3_R3.1P5-1,KQ2251_L19_5-09-5_3uM_R3.1P5-1,rs3787130,30.3718248984135,24.5034188226927,5.868406075720799,,,,0.6129968599077484,,
R3.1 P4-1+P5-1_Total_20210826,M12,ASO598_3_R3.1P5-1,KQ2251_L19_5-09-5_3uM_R3.1P5-1,rs3787130,30.3641506135488,24.5556326518996,5.808517961649201,,,,0.553108745836151,,
R3.1 P4-1+P5-1_Total_20210826,L13,ASO599_10_R3.1P5-1,KQ2252_L19_5-09-5_10uM_R3.1P5-1,rs3787130,31.0417200217599,24.9722321369373,6.0694878848226,,,,0.8140786690095494,0.7468418280520165,0.5959066167856216
R3.1 P4-1+P5-1_Total_20210826,L14,ASO599_10_R3.1P5-1,KQ2252_L19_5-09-5_10uM_R3.1P5-1,rs3787130,31.0734045838341,25.0160037134188,6.0574008704153,,,,0.8019916546022499,,
R3.1 P4-1+P5-1_Total_20210826,L15,ASO599_10_R3.1P5-1,KQ2252_L19_5-09-5_10uM_R3.1P5-1,rs3787130,31.0185653954137,25.1387010190564,5.8798643763573,,,,0.6244551605442501,,
R3.1 P4-1+P5-1_Total_20210826,L16,ASO599_10_R3.1P5-1,KQ2252_L19_5-09-5_10uM_R3.1P5-1,rs3787130,30.942394200108,24.7315162378247,6.210877962283302,,,,0.9554687464702516,0.77886268352455,0.5828260701203271
R3.1 P4-1+P5-1_Total_20210826,L17,ASO599_10_R3.1P5-1,KQ2252_L19_5-09-5_10uM_R3.1P5-1,rs3787130,30.9048258682785,24.8104863603735,6.094339507905001,,,,0.838930292091951,,
R3.1 P4-1+P5-1_Total_20210826,L18,ASO599_10_R3.1P5-1,KQ2252_L19_5-09-5_10uM_R3.1P5-1,rs3787130,30.8369460178875,25.039347790063,5.797598227824498,,,,0.5421890120114474,,
R3.1 P4-1+P5-1_Total_20210826,L19,ASO599_3_R3.1P5-1,KQ2252_L19_5-09-5_3uM_R3.1P5-1,rs3787130,30.7371477657609,25.1169201862655,5.620227579495399,,,,0.36481836368234877,0.29712139386428316,0.8138746996671925
R3.1 P4-1+P5-1_Total_20210826,L20,ASO599_3_R3.1P5-1,KQ2252_L19_5-09-5_3uM_R3.1P5-1,rs3787130,30.7666991040832,25.1972709490877,5.569428154995503,,,,0.3140189391824526,,
R3.1 P4-1+P5-1_Total_20210826,L21,ASO599_3_R3.1P5-1,KQ2252_L19_5-09-5_3uM_R3.1P5-1,rs3787130,30.7482684697838,25.2803323752427,5.467936094541098,,,,0.2125268787280481,,
R3.1 P4-1+P5-1_Total_20210826,L22,ASO599_3_R3.1P5-1,KQ2252_L19_5-09-5_3uM_R3.1P5-1,rs3787130,30.6129067220499,24.7468447496075,5.866061972442399,,,,0.6106527566293485,0.45775591245354885,0.7281179533322736
R3.1 P4-1+P5-1_Total_20210826,L23,ASO599_3_R3.1P5-1,KQ2252_L19_5-09-5_3uM_R3.1P5-1,rs3787130,30.527684677243,24.9198949816637,5.607789695579299,,,,0.3523804797662491,,
R3.1 P4-1+P5-1_Total_20210826,L24,ASO599_3_R3.1P5-1,KQ2252_L19_5-09-5_3uM_R3.1P5-1,rs3787130,30.6018204384795,24.9361767217014,5.665643716778099,,,,0.410234500965049,,
