Experiment Name,Position,SampleName,ASO Short Description ,CrossingPoint,CrossingPoint.1
ASO529-551_total_20210623,A1,ASO529_10,KQ2109_L20_6-08-6_10uM_P45,37.2033235896965,28.8263142061084
ASO529-551_total_20210623,A2,ASO529_10,KQ2109_L20_6-08-6_10uM_P45,37.6236966627028,28.7842900635976
ASO529-551_total_20210623,A3,ASO529_10,KQ2109_L20_6-08-6_10uM_P45,38.0284005357622,28.865728082384
ASO529-551_total_20210623,A4,ASO529_10,KQ2109_L20_6-08-6_10uM_P45,35.8149465381111,28.3162037918281
ASO529-551_total_20210623,A5,ASO529_10,KQ2109_L20_6-08-6_10uM_P45,35.9871114191178,28.2193698101893
ASO529-551_total_20210623,A6,ASO529_10,KQ2109_L20_6-08-6_10uM_P45,37.5157819918607,28.3898646147534
ASO529-551_total_20210623,A7,ASO529_3,KQ2109_L20_6-08-6_3uM_P45,35.4424826837809,26.3812836043063
ASO529-551_total_20210623,A8,ASO529_3,KQ2109_L20_6-08-6_3uM_P45,35.6720488629201,26.4902332204233
ASO529-551_total_20210623,A9,ASO529_3,KQ2109_L20_6-08-6_3uM_P45,35.2429816712275,26.5601626337468
ASO529-551_total_20210623,A10,ASO529_3,KQ2109_L20_6-08-6_3uM_P45,35.408013542609,26.2377332012863
ASO529-551_total_20210623,A11,ASO529_3,KQ2109_L20_6-08-6_3uM_P45,35.5544022327867,26.2471066029637
ASO529-551_total_20210623,A12,ASO529_3,KQ2109_L20_6-08-6_3uM_P45,34.9110792216657,26.3332358841719
ASO529-551_total_20210623,B1,ASO530_10,KQ2110_L19_6-08-5_10uM_P45,35.1085435463864,26.6856775976218
ASO529-551_total_20210623,B2,ASO530_10,KQ2110_L19_6-08-5_10uM_P45,35.1840052604402,26.7250008277789
ASO529-551_total_20210623,B3,ASO530_10,KQ2110_L19_6-08-5_10uM_P45,35.3718783365294,26.8366630833447
ASO529-551_total_20210623,B4,ASO530_10,KQ2110_L19_6-08-5_10uM_P45,34.5917298996791,26.0192317040569
ASO529-551_total_20210623,B5,ASO530_10,KQ2110_L19_6-08-5_10uM_P45,35.1813973041679,26.0052887365664
ASO529-551_total_20210623,B6,ASO530_10,KQ2110_L19_6-08-5_10uM_P45,36.9551681344446,25.9904848418539
ASO529-551_total_20210623,B7,ASO530_3,KQ2110_L19_6-08-5_3uM_P45,32.5264367127428,24.2988424706317
ASO529-551_total_20210623,B8,ASO530_3,KQ2110_L19_6-08-5_3uM_P45,32.7259079076175,24.2862479244624
ASO529-551_total_20210623,B9,ASO530_3,KQ2110_L19_6-08-5_3uM_P45,32.7269708911951,24.3292195345933
ASO529-551_total_20210623,B10,ASO530_3,KQ2110_L19_6-08-5_3uM_P45,33.282166295522,24.1821627404573
ASO529-551_total_20210623,B11,ASO530_3,KQ2110_L19_6-08-5_3uM_P45,33.5174042289196,24.1857320948391
ASO529-551_total_20210623,B12,ASO530_3,KQ2110_L19_6-08-5_3uM_P45,33.3682524365751,24.2483049514182
ASO529-551_total_20210623,C1,ASO531_10,KQ2111_L20_6-08-6_10uM_P45,34.6437498736281,26.2892710768411
ASO529-551_total_20210623,C2,ASO531_10,KQ2111_L20_6-08-6_10uM_P45,35.0137171864084,26.309454932157
ASO529-551_total_20210623,C3,ASO531_10,KQ2111_L20_6-08-6_10uM_P45,34.6380194554745,26.400374258194
ASO529-551_total_20210623,C4,ASO531_10,KQ2111_L20_6-08-6_10uM_P45,34.2284657040925,25.8522641862451
ASO529-551_total_20210623,C5,ASO531_10,KQ2111_L20_6-08-6_10uM_P45,34.4820346384034,25.8918182128994
ASO529-551_total_20210623,C6,ASO531_10,KQ2111_L20_6-08-6_10uM_P45,34.2637004139647,25.9384192552208
ASO529-551_total_20210623,C7,ASO531_3,KQ2111_L20_6-08-6_3uM_P45,32.7736351773116,24.3058584261754
ASO529-551_total_20210623,C8,ASO531_3,KQ2111_L20_6-08-6_3uM_P45,32.4416127094937,24.3285822875827
ASO529-551_total_20210623,C9,ASO531_3,KQ2111_L20_6-08-6_3uM_P45,32.7973999037615,24.3819976279453
ASO529-551_total_20210623,C10,ASO531_3,KQ2111_L20_6-08-6_3uM_P45,32.8158644205959,24.4120984770685
ASO529-551_total_20210623,C11,ASO531_3,KQ2111_L20_6-08-6_3uM_P45,33.2549465527412,24.5215545698899
ASO529-551_total_20210623,C12,ASO531_3,KQ2111_L20_6-08-6_3uM_P45,33.1850463556591,24.6349937208454
ASO529-551_total_20210623,D1,ASO532_10,KQ2112_L20_6-08-6_10uM_P45,33.2185606721337,24.8459971276132
ASO529-551_total_20210623,D2,ASO532_10,KQ2112_L20_6-08-6_10uM_P45,33.5300054212913,24.9351273579109
ASO529-551_total_20210623,D3,ASO532_10,KQ2112_L20_6-08-6_10uM_P45,32.9460523100787,24.9664501310321
ASO529-551_total_20210623,D4,ASO532_10,KQ2112_L20_6-08-6_10uM_P45,33.9600414155209,25.1136994754358
ASO529-551_total_20210623,D5,ASO532_10,KQ2112_L20_6-08-6_10uM_P45,34.1799340386381,25.0317562510471
ASO529-551_total_20210623,D6,ASO532_10,KQ2112_L20_6-08-6_10uM_P45,33.8865749140766,25.1256577990846
ASO529-551_total_20210623,D7,ASO532_3,KQ2112_L20_6-08-6_3uM_P45,31.4959323639465,24.136805108801
ASO529-551_total_20210623,D8,ASO532_3,KQ2112_L20_6-08-6_3uM_P45,31.7029408495504,24.1200670642827
ASO529-551_total_20210623,D9,ASO532_3,KQ2112_L20_6-08-6_3uM_P45,31.4685114866488,24.2028060662089
ASO529-551_total_20210623,D10,ASO532_3,KQ2112_L20_6-08-6_3uM_P45,32.1173604802886,25.0927894119927
ASO529-551_total_20210623,D11,ASO532_3,KQ2112_L20_6-08-6_3uM_P45,31.8767598612224,25.0710951285394
ASO529-551_total_20210623,D12,ASO532_3,KQ2112_L20_6-08-6_3uM_P45,32.0165069341231,25.1419304867536
ASO529-551_total_20210623,E1,ASO533_10,KQ2113_L20_6-08-6_10uM_P45,34.3213709218108,25.5165210059026
ASO529-551_total_20210623,E2,ASO533_10,KQ2113_L20_6-08-6_10uM_P45,34.5741543752145,25.5954772771287
ASO529-551_total_20210623,E3,ASO533_10,KQ2113_L20_6-08-6_10uM_P45,33.9906255353229,25.6356217433677
ASO529-551_total_20210623,E4,ASO533_10,KQ2113_L20_6-08-6_10uM_P45,33.362052317571,24.1874879401702
ASO529-551_total_20210623,E5,ASO533_10,KQ2113_L20_6-08-6_10uM_P45,33.5353767344684,24.0968336169841
ASO529-551_total_20210623,E6,ASO533_10,KQ2113_L20_6-08-6_10uM_P45,32.9824651362926,24.1888954283189
ASO529-551_total_20210623,E7,ASO533_3,KQ2113_L20_6-08-6_3uM_P45,33.6120810518647,24.0428967977874
ASO529-551_total_20210623,E8,ASO533_3,KQ2113_L20_6-08-6_3uM_P45,33.354529780212,24.0308360060894
ASO529-551_total_20210623,E9,ASO533_3,KQ2113_L20_6-08-6_3uM_P45,33.7323532060283,24.0724910091302
ASO529-551_total_20210623,E10,ASO533_3,KQ2113_L20_6-08-6_3uM_P45,33.212650831994,24.0579516786516
ASO529-551_total_20210623,E11,ASO533_3,KQ2113_L20_6-08-6_3uM_P45,32.7367071963052,24.1259851093466
ASO529-551_total_20210623,E12,ASO533_3,KQ2113_L20_6-08-6_3uM_P45,33.0573456778207,24.1333654263055
ASO529-551_total_20210623,F1,ASO534_10,KQ2114_L19_6-08-5_10uM_P45,31.8939148891582,25.8644488435109
ASO529-551_total_20210623,F2,ASO534_10,KQ2114_L19_6-08-5_10uM_P45,32.2620786854712,25.8253006765042
ASO529-551_total_20210623,F3,ASO534_10,KQ2114_L19_6-08-5_10uM_P45,32.2444910865606,26.0231853528539
ASO529-551_total_20210623,F4,ASO534_10,KQ2114_L19_6-08-5_10uM_P45,33.495089371189,24.7397021638006
ASO529-551_total_20210623,F5,ASO534_10,KQ2114_L19_6-08-5_10uM_P45,33.3836754670874,24.6056760177536
ASO529-551_total_20210623,F6,ASO534_10,KQ2114_L19_6-08-5_10uM_P45,33.4358608099062,23.9877218217172
ASO529-551_total_20210623,F7,ASO534_3,KQ2114_L19_6-08-5_3uM_P45,32.5511550920466,24.5691419699261
ASO529-551_total_20210623,F8,ASO534_3,KQ2114_L19_6-08-5_3uM_P45,32.5245438584387,24.6139808021748
ASO529-551_total_20210623,F9,ASO534_3,KQ2114_L19_6-08-5_3uM_P45,32.5038867726178,24.5683389086777
ASO529-551_total_20210623,F10,ASO534_3,KQ2114_L19_6-08-5_3uM_P45,32.2466031895512,24.0813858314902
ASO529-551_total_20210623,F11,ASO534_3,KQ2114_L19_6-08-5_3uM_P45,32.7166007468351,24.106830887665
ASO529-551_total_20210623,F12,ASO534_3,KQ2114_L19_6-08-5_3uM_P45,32.5947848271086,24.1637653456293
ASO529-551_total_20210623,A13,ASO535_10,KQ2115_L19_6-08-5_10uM_P45,33.9014942201618,25.1414263821925
ASO529-551_total_20210623,A14,ASO535_10,KQ2115_L19_6-08-5_10uM_P45,33.964387091283,25.1981647804212
ASO529-551_total_20210623,A15,ASO535_10,KQ2115_L19_6-08-5_10uM_P45,34.0133513354257,25.2575105202202
ASO529-551_total_20210623,A16,ASO535_10,KQ2115_L19_6-08-5_10uM_P45,33.5997709967895,24.9451301116117
ASO529-551_total_20210623,A17,ASO535_10,KQ2115_L19_6-08-5_10uM_P45,33.6309427903401,24.9513445127454
ASO529-551_total_20210623,A18,ASO535_10,KQ2115_L19_6-08-5_10uM_P45,33.6678451972875,25.0042012531638
ASO529-551_total_20210623,A19,ASO535_3,KQ2115_L19_6-08-5_3uM_P45,32.4025445112597,24.0460146609678
ASO529-551_total_20210623,A20,ASO535_3,KQ2115_L19_6-08-5_3uM_P45,32.532399701963,24.1010815856395
ASO529-551_total_20210623,A21,ASO535_3,KQ2115_L19_6-08-5_3uM_P45,32.2326360589129,24.1488064787774
ASO529-551_total_20210623,A22,ASO535_3,KQ2115_L19_6-08-5_3uM_P45,32.8344655073939,24.5040645455886
ASO529-551_total_20210623,A23,ASO535_3,KQ2115_L19_6-08-5_3uM_P45,32.8099955344935,24.5159674269825
ASO529-551_total_20210623,A24,ASO535_3,KQ2115_L19_6-08-5_3uM_P45,32.9248152569824,24.6005885681541
ASO529-551_total_20210623,B13,ASO536_10,KQ2116_L21_7-08-6_10uM_P45,34.5530418192855,26.2378628551815
ASO529-551_total_20210623,B14,ASO536_10,KQ2116_L21_7-08-6_10uM_P45,34.8877890969836,26.3014877449577
ASO529-551_total_20210623,B15,ASO536_10,KQ2116_L21_7-08-6_10uM_P45,35.4988021533687,26.3953385876032
ASO529-551_total_20210623,B16,ASO536_10,KQ2116_L21_7-08-6_10uM_P45,34.7154985293373,26.3844957108944
ASO529-551_total_20210623,B17,ASO536_10,KQ2116_L21_7-08-6_10uM_P45,34.7063384265875,26.4100830493348
ASO529-551_total_20210623,B18,ASO536_10,KQ2116_L21_7-08-6_10uM_P45,34.6575049385267,26.4884505526832
ASO529-551_total_20210623,B19,ASO536_3,KQ2116_L21_7-08-6_3uM_P45,33.1426168069704,24.3942495525834
ASO529-551_total_20210623,B20,ASO536_3,KQ2116_L21_7-08-6_3uM_P45,33.2180737565201,24.4053356223078
ASO529-551_total_20210623,B21,ASO536_3,KQ2116_L21_7-08-6_3uM_P45,32.9186049232821,24.5217457450118
ASO529-551_total_20210623,B22,ASO536_3,KQ2116_L21_7-08-6_3uM_P45,33.0742249573737,25.5666258210101
ASO529-551_total_20210623,B23,ASO536_3,KQ2116_L21_7-08-6_3uM_P45,33.0977946601483,25.6389635797206
ASO529-551_total_20210623,B24,ASO536_3,KQ2116_L21_7-08-6_3uM_P45,33.0644357265195,25.687615862375
ASO529-551_total_20210623,C13,ASO537_10,KQ2117_L19_6-08-5_10uM_P45,35.7019191304699,26.8323503558573
ASO529-551_total_20210623,C14,ASO537_10,KQ2117_L19_6-08-5_10uM_P45,34.9457342034559,26.8318896440858
ASO529-551_total_20210623,C15,ASO537_10,KQ2117_L19_6-08-5_10uM_P45,37.1434024469118,26.8231711551477
ASO529-551_total_20210623,C16,ASO537_10,KQ2117_L19_6-08-5_10uM_P45,36.0983496350598,26.3789589571305
ASO529-551_total_20210623,C17,ASO537_10,KQ2117_L19_6-08-5_10uM_P45,35.0995782261114,26.4199887676386
ASO529-551_total_20210623,C18,ASO537_10,KQ2117_L19_6-08-5_10uM_P45,34.997910737422,26.506968388021
ASO529-551_total_20210623,C19,ASO537_3,KQ2117_L19_6-08-5_3uM_P45,32.8133036275448,24.4151170535565
ASO529-551_total_20210623,C20,ASO537_3,KQ2117_L19_6-08-5_3uM_P45,33.3265730448193,24.5023857611356
ASO529-551_total_20210623,C21,ASO537_3,KQ2117_L19_6-08-5_3uM_P45,33.3116823345196,24.5889884814519
ASO529-551_total_20210623,C22,ASO537_3,KQ2117_L19_6-08-5_3uM_P45,33.0709940639451,24.5087573646817
ASO529-551_total_20210623,C23,ASO537_3,KQ2117_L19_6-08-5_3uM_P45,32.810392067368,24.4875116066358
ASO529-551_total_20210623,C24,ASO537_3,KQ2117_L19_6-08-5_3uM_P45,33.5939727295917,24.6310865923363
ASO529-551_total_20210623,D13,ASO538_10,KQ2118_L19_6-08-5_10uM_P45,34.8403222697451,25.5862020750543
ASO529-551_total_20210623,D14,ASO538_10,KQ2118_L19_6-08-5_10uM_P45,35.748403797742,25.6506957071783
ASO529-551_total_20210623,D15,ASO538_10,KQ2118_L19_6-08-5_10uM_P45,35.1149442703353,25.6354675927
ASO529-551_total_20210623,D16,ASO538_10,KQ2118_L19_6-08-5_10uM_P45,34.7793079739146,25.7605695174326
ASO529-551_total_20210623,D17,ASO538_10,KQ2118_L19_6-08-5_10uM_P45,34.9167966873921,25.7671650558261
ASO529-551_total_20210623,D18,ASO538_10,KQ2118_L19_6-08-5_10uM_P45,35.1956527656105,25.8706042013631
ASO529-551_total_20210623,D19,ASO538_3,KQ2118_L19_6-08-5_3uM_P45,32.867156972076,24.1314546842089
ASO529-551_total_20210623,D20,ASO538_3,KQ2118_L19_6-08-5_3uM_P45,33.1105970956651,24.1551790256316
ASO529-551_total_20210623,D21,ASO538_3,KQ2118_L19_6-08-5_3uM_P45,32.951752336143,24.2410659021161
ASO529-551_total_20210623,D22,ASO538_3,KQ2118_L19_6-08-5_3uM_P45,32.858516857082,23.9645234191287
ASO529-551_total_20210623,D23,ASO538_3,KQ2118_L19_6-08-5_3uM_P45,33.3956024544829,23.9697217308915
ASO529-551_total_20210623,D24,ASO538_3,KQ2118_L19_6-08-5_3uM_P45,33.180528325791,24.0301756611104
ASO529-551_total_20210623,E13,ASO539_10,KQ2119_L19_6-08-5_10uM_P45,35.2843926632453,29.559848188312
ASO529-551_total_20210623,E14,ASO539_10,KQ2119_L19_6-08-5_10uM_P45,34.8055475714443,29.7037587855913
ASO529-551_total_20210623,E15,ASO539_10,KQ2119_L19_6-08-5_10uM_P45,35.5110638050259,29.6663048863509
ASO529-551_total_20210623,E16,ASO539_10,KQ2119_L19_6-08-5_10uM_P45,35.1668469352103,29.5300544657879
ASO529-551_total_20210623,E17,ASO539_10,KQ2119_L19_6-08-5_10uM_P45,34.9056999877033,29.4293282230912
ASO529-551_total_20210623,E18,ASO539_10,KQ2119_L19_6-08-5_10uM_P45,34.9251668020965,29.5481080003511
ASO529-551_total_20210623,E19,ASO539_3,KQ2119_L19_6-08-5_3uM_P45,33.5269715147365,27.4154815045003
ASO529-551_total_20210623,E20,ASO539_3,KQ2119_L19_6-08-5_3uM_P45,33.4143316048953,27.4740674924973
ASO529-551_total_20210623,E21,ASO539_3,KQ2119_L19_6-08-5_3uM_P45,33.01859400442,27.6237092895811
ASO529-551_total_20210623,E22,ASO539_3,KQ2119_L19_6-08-5_3uM_P45,33.7100521044724,27.4014469997902
ASO529-551_total_20210623,E23,ASO539_3,KQ2119_L19_6-08-5_3uM_P45,33.6600350464005,27.4474046364908
ASO529-551_total_20210623,E24,ASO539_3,KQ2119_L19_6-08-5_3uM_P45,33.6781038205251,27.5938596240507
ASO529-551_total_20210623,F13,ASO540_10,KQ2120_L20_6-08-6_10uM_P45,35.3286006278399,27.0013798810931
ASO529-551_total_20210623,F14,ASO540_10,KQ2120_L20_6-08-6_10uM_P45,35.3005417475038,27.1417827856829
ASO529-551_total_20210623,F15,ASO540_10,KQ2120_L20_6-08-6_10uM_P45,35.8528735372439,27.069853411203
ASO529-551_total_20210623,F16,ASO540_10,KQ2120_L20_6-08-6_10uM_P45,35.8511095254054,27.7497289950314
ASO529-551_total_20210623,F17,ASO540_10,KQ2120_L20_6-08-6_10uM_P45,36.4545274850105,27.7557819129808
ASO529-551_total_20210623,F18,ASO540_10,KQ2120_L20_6-08-6_10uM_P45,36.4799423440629,27.8499808367115
ASO529-551_total_20210623,F19,ASO540_3,KQ2120_L20_6-08-6_3uM_P45,34.6508158357702,25.7705190629032
ASO529-551_total_20210623,F20,ASO540_3,KQ2120_L20_6-08-6_3uM_P45,34.0369740055689,25.7394996268256
ASO529-551_total_20210623,F21,ASO540_3,KQ2120_L20_6-08-6_3uM_P45,34.0767882226048,25.8685672089038
ASO529-551_total_20210623,F22,ASO540_3,KQ2120_L20_6-08-6_3uM_P45,34.3971054707011,25.775031054342
ASO529-551_total_20210623,F23,ASO540_3,KQ2120_L20_6-08-6_3uM_P45,35.7422543436756,25.7440564358737
ASO529-551_total_20210623,F24,ASO540_3,KQ2120_L20_6-08-6_3uM_P45,34.6333348607605,25.8843957710842
ASO529-551_total_20210623,I1,ASO541_10,KQ2121_L21_7-08-6_10uM_P46,33.6043646701835,27.2206597260388
ASO529-551_total_20210623,I2,ASO541_10,KQ2121_L21_7-08-6_10uM_P46,34.9238292474122,27.2789266625736
ASO529-551_total_20210623,I3,ASO541_10,KQ2121_L21_7-08-6_10uM_P46,34.6559202536193,27.3147582119585
ASO529-551_total_20210623,I4,ASO541_10,KQ2121_L21_7-08-6_10uM_P46,36.0188938686598,26.7820280517298
ASO529-551_total_20210623,I5,ASO541_10,KQ2121_L21_7-08-6_10uM_P46,35.1433687705469,26.826704210015
ASO529-551_total_20210623,I6,ASO541_10,KQ2121_L21_7-08-6_10uM_P46,34.8802759758951,26.8779849294043
ASO529-551_total_20210623,I7,ASO541_3,KQ2121_L21_7-08-6_3uM_P46,32.4859990620465,23.7208097461517
ASO529-551_total_20210623,I8,ASO541_3,KQ2121_L21_7-08-6_3uM_P46,32.2283518193379,23.7410024434832
ASO529-551_total_20210623,I9,ASO541_3,KQ2121_L21_7-08-6_3uM_P46,32.4983534992574,23.7952403452291
ASO529-551_total_20210623,I10,ASO541_3,KQ2121_L21_7-08-6_3uM_P46,32.8681868132688,24.3793389627274
ASO529-551_total_20210623,I11,ASO541_3,KQ2121_L21_7-08-6_3uM_P46,32.6964863101361,24.3826076347789
ASO529-551_total_20210623,I12,ASO541_3,KQ2121_L21_7-08-6_3uM_P46,32.9200050914157,24.4449534264583
ASO529-551_total_20210623,J1,ASO542_10,KQ2122_L21_7-08-6_10uM_P46,34.5096197162813,26.9546798150763
ASO529-551_total_20210623,J2,ASO542_10,KQ2122_L21_7-08-6_10uM_P46,35.0722650580387,26.9011997315425
ASO529-551_total_20210623,J3,ASO542_10,KQ2122_L21_7-08-6_10uM_P46,34.1961419583888,26.9505532197932
ASO529-551_total_20210623,J4,ASO542_10,KQ2122_L21_7-08-6_10uM_P46,34.1908379116703,26.3901343555937
ASO529-551_total_20210623,J5,ASO542_10,KQ2122_L21_7-08-6_10uM_P46,33.9360616331596,26.4251125900575
ASO529-551_total_20210623,J6,ASO542_10,KQ2122_L21_7-08-6_10uM_P46,34.2807723314306,26.559234811466
ASO529-551_total_20210623,J7,ASO542_3,KQ2122_L21_7-08-6_3uM_P46,32.7461613947837,25.2934460550682
ASO529-551_total_20210623,J8,ASO542_3,KQ2122_L21_7-08-6_3uM_P46,32.8680960837095,25.2995945776796
ASO529-551_total_20210623,J9,ASO542_3,KQ2122_L21_7-08-6_3uM_P46,32.7369534428704,25.3248187557038
ASO529-551_total_20210623,J10,ASO542_3,KQ2122_L21_7-08-6_3uM_P46,32.3094128846561,24.912650006472
ASO529-551_total_20210623,J11,ASO542_3,KQ2122_L21_7-08-6_3uM_P46,32.2799873218958,24.9285301110419
ASO529-551_total_20210623,J12,ASO542_3,KQ2122_L21_7-08-6_3uM_P46,32.0904909463258,25.0220433068216
ASO529-551_total_20210623,K1,ASO543_10,KQ2123_L19_6-08-5_10uM_P46,33.6193332660705,27.7372327773277
ASO529-551_total_20210623,K2,ASO543_10,KQ2123_L19_6-08-5_10uM_P46,34.2862878492028,27.8120319957776
ASO529-551_total_20210623,K3,ASO543_10,KQ2123_L19_6-08-5_10uM_P46,34.2907892648393,27.9980298111811
ASO529-551_total_20210623,K4,ASO543_10,KQ2123_L19_6-08-5_10uM_P46,33.2911341984076,27.9255152936251
ASO529-551_total_20210623,K5,ASO543_10,KQ2123_L19_6-08-5_10uM_P46,33.5486883864511,27.9123569142776
ASO529-551_total_20210623,K6,ASO543_10,KQ2123_L19_6-08-5_10uM_P46,33.7117936456167,28.1408760504975
ASO529-551_total_20210623,K7,ASO543_3,KQ2123_L19_6-08-5_3uM_P46,31.4761306151344,25.7800619739961
ASO529-551_total_20210623,K8,ASO543_3,KQ2123_L19_6-08-5_3uM_P46,31.3122219345617,25.7711901836649
ASO529-551_total_20210623,K9,ASO543_3,KQ2123_L19_6-08-5_3uM_P46,31.7015173400583,25.8181488981421
ASO529-551_total_20210623,K10,ASO543_3,KQ2123_L19_6-08-5_3uM_P46,31.8779125858372,25.292244547061
ASO529-551_total_20210623,K11,ASO543_3,KQ2123_L19_6-08-5_3uM_P46,32.0699559143583,25.363679740319
ASO529-551_total_20210623,K12,ASO543_3,KQ2123_L19_6-08-5_3uM_P46,32.2995085456019,25.4271536758127
ASO529-551_total_20210623,L1,ASO544_10,KQ2124_L18_5-08-5_10uM_P46,32.545372071043,23.9826469882744
ASO529-551_total_20210623,L2,ASO544_10,KQ2124_L18_5-08-5_10uM_P46,32.3384693052047,24.0224405224422
ASO529-551_total_20210623,L3,ASO544_10,KQ2124_L18_5-08-5_10uM_P46,32.0927846467198,24.0369048181196
ASO529-551_total_20210623,L4,ASO544_10,KQ2124_L18_5-08-5_10uM_P46,31.0695665340364,24.1535083889127
ASO529-551_total_20210623,L5,ASO544_10,KQ2124_L18_5-08-5_10uM_P46,31.0438434136688,24.1081097328306
ASO529-551_total_20210623,L6,ASO544_10,KQ2124_L18_5-08-5_10uM_P46,31.3193733889211,24.1721697981356
ASO529-551_total_20210623,L7,ASO544_3,KQ2124_L18_5-08-5_3uM_P46,31.7200771061656,23.6653397017848
ASO529-551_total_20210623,L8,ASO544_3,KQ2124_L18_5-08-5_3uM_P46,31.709949943268,23.6800027823392
ASO529-551_total_20210623,L9,ASO544_3,KQ2124_L18_5-08-5_3uM_P46,31.8891808932589,23.736625135609
ASO529-551_total_20210623,L10,ASO544_3,KQ2124_L18_5-08-5_3uM_P46,31.1678496794032,23.4068511088123
ASO529-551_total_20210623,L11,ASO544_3,KQ2124_L18_5-08-5_3uM_P46,31.599145457808,23.5362622838722
ASO529-551_total_20210623,L12,ASO544_3,KQ2124_L18_5-08-5_3uM_P46,31.6290690848077,23.4614239876363
ASO529-551_total_20210623,M1,ASO545_10,KQ2125_L18_5-08-5_10uM_P46,34.600801077583,26.3155673446587
ASO529-551_total_20210623,M2,ASO545_10,KQ2125_L18_5-08-5_10uM_P46,33.9534851468724,26.4034533418529
ASO529-551_total_20210623,M3,ASO545_10,KQ2125_L18_5-08-5_10uM_P46,34.2224950367854,26.3795075768887
ASO529-551_total_20210623,M4,ASO545_10,KQ2125_L18_5-08-5_10uM_P46,31.8189110522116,25.142362578077
ASO529-551_total_20210623,M5,ASO545_10,KQ2125_L18_5-08-5_10uM_P46,32.1747679058539,25.1163623129818
ASO529-551_total_20210623,M6,ASO545_10,KQ2125_L18_5-08-5_10uM_P46,32.0084094303306,25.247237034434
ASO529-551_total_20210623,M7,ASO545_3,KQ2125_L18_5-08-5_3uM_P46,31.6493230175934,25.4932085901968
ASO529-551_total_20210623,M8,ASO545_3,KQ2125_L18_5-08-5_3uM_P46,31.7046372800583,25.5403070279101
ASO529-551_total_20210623,M9,ASO545_3,KQ2125_L18_5-08-5_3uM_P46,32.0974279454436,25.5808707559519
ASO529-551_total_20210623,M10,ASO545_3,KQ2125_L18_5-08-5_3uM_P46,31.5793291293783,23.8515073593537
ASO529-551_total_20210623,M11,ASO545_3,KQ2125_L18_5-08-5_3uM_P46,31.7712883374497,23.8991465791831
ASO529-551_total_20210623,M12,ASO545_3,KQ2125_L18_5-08-5_3uM_P46,31.8458019716012,23.9752313658558
ASO529-551_total_20210623,N1,ASO546_10,KQ2126_L18_5-08-5_10uM_P46,31.7824082971357,24.5937415764297
ASO529-551_total_20210623,N2,ASO546_10,KQ2126_L18_5-08-5_10uM_P46,31.9420145908835,24.6068549521211
ASO529-551_total_20210623,N3,ASO546_10,KQ2126_L18_5-08-5_10uM_P46,31.9830107875998,24.6939998879795
ASO529-551_total_20210623,N4,ASO546_10,KQ2126_L18_5-08-5_10uM_P46,32.594979259552,23.9032430653719
ASO529-551_total_20210623,N5,ASO546_10,KQ2126_L18_5-08-5_10uM_P46,32.3279337218286,23.858797880229
ASO529-551_total_20210623,N6,ASO546_10,KQ2126_L18_5-08-5_10uM_P46,32.1680119671031,23.9608153814313
ASO529-551_total_20210623,N7,ASO546_3,KQ2126_L18_5-08-5_3uM_P46,31.2182785755907,24.8575664897563
ASO529-551_total_20210623,N8,ASO546_3,KQ2126_L18_5-08-5_3uM_P46,31.0874777227577,24.88790925711
ASO529-551_total_20210623,N9,ASO546_3,KQ2126_L18_5-08-5_3uM_P46,31.2492334670985,24.9141509563552
ASO529-551_total_20210623,N10,ASO546_3,KQ2126_L18_5-08-5_3uM_P46,31.216181394378,23.4902724376238
ASO529-551_total_20210623,N11,ASO546_3,KQ2126_L18_5-08-5_3uM_P46,31.2979478177373,23.4883238828523
ASO529-551_total_20210623,N12,ASO546_3,KQ2126_L18_5-08-5_3uM_P46,31.3403401911683,23.5843384450859
ASO529-551_total_20210623,I13,ASO547_10,KQ2127_L18_5-08-5_10uM_P46,32.0506851340495,24.4016661885727
ASO529-551_total_20210623,I14,ASO547_10,KQ2127_L18_5-08-5_10uM_P46,32.119868383112,24.4988503063224
ASO529-551_total_20210623,I15,ASO547_10,KQ2127_L18_5-08-5_10uM_P46,32.4755554833961,24.5216986249987
ASO529-551_total_20210623,I16,ASO547_10,KQ2127_L18_5-08-5_10uM_P46,33.3150492197117,25.400520574274
ASO529-551_total_20210623,I17,ASO547_10,KQ2127_L18_5-08-5_10uM_P46,32.9444181156915,25.4070332022382
ASO529-551_total_20210623,I18,ASO547_10,KQ2127_L18_5-08-5_10uM_P46,32.9895812241921,25.5038374711155
ASO529-551_total_20210623,I19,ASO547_3,KQ2127_L18_5-08-5_3uM_P46,32.3219437215272,24.2349015270449
ASO529-551_total_20210623,I20,ASO547_3,KQ2127_L18_5-08-5_3uM_P46,31.7417402885497,24.2837083953603
ASO529-551_total_20210623,I21,ASO547_3,KQ2127_L18_5-08-5_3uM_P46,31.5801335931753,24.3772024269668
ASO529-551_total_20210623,I22,ASO547_3,KQ2127_L18_5-08-5_3uM_P46,31.8098350560484,23.7929705977058
ASO529-551_total_20210623,I23,ASO547_3,KQ2127_L18_5-08-5_3uM_P46,31.4780909941594,23.8160452662296
ASO529-551_total_20210623,I24,ASO547_3,KQ2127_L18_5-08-5_3uM_P46,31.6210148754873,23.8923086977403
ASO529-551_total_20210623,J13,ASO548_10,KQ2128_L18_5-08-5_10uM_P46,31.1257770579805,23.9993622153484
ASO529-551_total_20210623,J14,ASO548_10,KQ2128_L18_5-08-5_10uM_P46,31.1162964479153,23.9983247517938
ASO529-551_total_20210623,J15,ASO548_10,KQ2128_L18_5-08-5_10uM_P46,30.9739065754361,24.1352571481529
ASO529-551_total_20210623,J16,ASO548_10,KQ2128_L18_5-08-5_10uM_P46,32.1743104529502,23.6824950734276
ASO529-551_total_20210623,J17,ASO548_10,KQ2128_L18_5-08-5_10uM_P46,31.9436942175919,23.7251456108525
ASO529-551_total_20210623,J18,ASO548_10,KQ2128_L18_5-08-5_10uM_P46,32.1051218985023,23.755906908502
ASO529-551_total_20210623,J19,ASO548_3,KQ2128_L18_5-08-5_3uM_P46,30.664217597042,23.2051063822033
ASO529-551_total_20210623,J20,ASO548_3,KQ2128_L18_5-08-5_3uM_P46,30.5509919262226,23.2331939717216
ASO529-551_total_20210623,J21,ASO548_3,KQ2128_L18_5-08-5_3uM_P46,30.7807558480644,23.2832036322942
ASO529-551_total_20210623,J22,ASO548_3,KQ2128_L18_5-08-5_3uM_P46,31.2216214850992,23.1269408205357
ASO529-551_total_20210623,J23,ASO548_3,KQ2128_L18_5-08-5_3uM_P46,31.0370728127603,23.1351250139712
ASO529-551_total_20210623,J24,ASO548_3,KQ2128_L18_5-08-5_3uM_P46,31.1744426316855,23.1943797879619
ASO529-551_total_20210623,K13,ASO549_10,KQ2129_L18_5-08-5_10uM_P46,31.5622072128512,25.6935519310949
ASO529-551_total_20210623,K14,ASO549_10,KQ2129_L18_5-08-5_10uM_P46,31.7586547283359,25.7203777084399
ASO529-551_total_20210623,K15,ASO549_10,KQ2129_L18_5-08-5_10uM_P46,31.8057077974517,25.8123877734734
ASO529-551_total_20210623,K16,ASO549_10,KQ2129_L18_5-08-5_10uM_P46,32.8373037072847,26.7207109576952
ASO529-551_total_20210623,K17,ASO549_10,KQ2129_L18_5-08-5_10uM_P46,32.9817356870277,26.7074702831898
ASO529-551_total_20210623,K18,ASO549_10,KQ2129_L18_5-08-5_10uM_P46,33.6505341960701,26.7998166418497
ASO529-551_total_20210623,K19,ASO549_3,KQ2129_L18_5-08-5_3uM_P46,31.8994612708986,25.1362904452896
ASO529-551_total_20210623,K20,ASO549_3,KQ2129_L18_5-08-5_3uM_P46,31.9315851771185,25.1108666866002
ASO529-551_total_20210623,K21,ASO549_3,KQ2129_L18_5-08-5_3uM_P46,32.1658771185047,25.241375799253
ASO529-551_total_20210623,K22,ASO549_3,KQ2129_L18_5-08-5_3uM_P46,31.8194242265905,24.9690849994128
ASO529-551_total_20210623,K23,ASO549_3,KQ2129_L18_5-08-5_3uM_P46,31.9810134361815,25.0014265458598
ASO529-551_total_20210623,K24,ASO549_3,KQ2129_L18_5-08-5_3uM_P46,32.2015522837794,25.0652846946728
ASO529-551_total_20210623,L13,ASO550_10,KQ2130_L18_5-08-5_10uM_P46,33.7273894070206,25.3696040667126
ASO529-551_total_20210623,L14,ASO550_10,KQ2130_L18_5-08-5_10uM_P46,33.6340180712588,25.4029819840717
ASO529-551_total_20210623,L15,ASO550_10,KQ2130_L18_5-08-5_10uM_P46,34.4366736440845,25.5489486902959
ASO529-551_total_20210623,L16,ASO550_10,KQ2130_L18_5-08-5_10uM_P46,35.8199737957577,27.0469978650656
ASO529-551_total_20210623,L17,ASO550_10,KQ2130_L18_5-08-5_10uM_P46,34.9644130399713,27.1581718744381
ASO529-551_total_20210623,L18,ASO550_10,KQ2130_L18_5-08-5_10uM_P46,35.4727147537881,27.172233459999
ASO529-551_total_20210623,L19,ASO550_3,KQ2130_L18_5-08-5_3uM_P46,33.6913304211196,25.0467231913872
ASO529-551_total_20210623,L20,ASO550_3,KQ2130_L18_5-08-5_3uM_P46,34.3692529991079,25.0536462178041
ASO529-551_total_20210623,L21,ASO550_3,KQ2130_L18_5-08-5_3uM_P46,34.3357899512044,25.1184998809398
ASO529-551_total_20210623,L22,ASO550_3,KQ2130_L18_5-08-5_3uM_P46,33.8253285379857,25.7750411599328
ASO529-551_total_20210623,L23,ASO550_3,KQ2130_L18_5-08-5_3uM_P46,33.815840499898,25.7598379062489
ASO529-551_total_20210623,L24,ASO550_3,KQ2130_L18_5-08-5_3uM_P46,34.0038978337719,25.8188457719545
ASO529-551_total_20210623,M13,ASO551_10,KQ2131_L18_5-08-5_10uM_P46,32.2072539891339,25.2930151844017
ASO529-551_total_20210623,M14,ASO551_10,KQ2131_L18_5-08-5_10uM_P46,32.6355853274834,25.3157835987888
ASO529-551_total_20210623,M15,ASO551_10,KQ2131_L18_5-08-5_10uM_P46,32.593193145751,25.4058570413583
ASO529-551_total_20210623,M16,ASO551_10,KQ2131_L18_5-08-5_10uM_P46,34.3832233786477,25.9107024262266
ASO529-551_total_20210623,M17,ASO551_10,KQ2131_L18_5-08-5_10uM_P46,34.2325441856846,25.9156470135405
ASO529-551_total_20210623,M18,ASO551_10,KQ2131_L18_5-08-5_10uM_P46,34.7518695083118,26.0069252891854
ASO529-551_total_20210623,M19,ASO551_3,KQ2131_L18_5-08-5_3uM_P46,32.2409745295598,26.1496620405975
ASO529-551_total_20210623,M20,ASO551_3,KQ2131_L18_5-08-5_3uM_P46,32.0618941652879,26.1899412937783
ASO529-551_total_20210623,M21,ASO551_3,KQ2131_L18_5-08-5_3uM_P46,32.3694896301817,26.2907237365415
ASO529-551_total_20210623,M22,ASO551_3,KQ2131_L18_5-08-5_3uM_P46,33.2181841791585,25.5835147680918
ASO529-551_total_20210623,M23,ASO551_3,KQ2131_L18_5-08-5_3uM_P46,32.7248077974098,25.5971112961997
ASO529-551_total_20210623,M24,ASO551_3,KQ2131_L18_5-08-5_3uM_P46,33.0908056509881,25.7231748902581
ASO529-551_total_20210623,G10,Ionis1375651_10_P45,Ionis1375651_10uM_P45, ,28.3826468104211
ASO529-551_total_20210623,G11,Ionis1375651_10_P45,Ionis1375651_10uM_P45,36.860985070802,28.4093176803262
ASO529-551_total_20210623,G12,Ionis1375651_10_P45,Ionis1375651_10uM_P45, ,28.5809012700775
ASO529-551_total_20210623,H10,Ionis1375651_10_P45,Ionis1375651_10uM_P45, ,30.1914999083248
ASO529-551_total_20210623,H11,Ionis1375651_10_P45,Ionis1375651_10uM_P45,40,30.2906107432835
ASO529-551_total_20210623,H12,Ionis1375651_10_P45,Ionis1375651_10uM_P45,38.1611946043202,30.2892213092374
ASO529-551_total_20210623,O10,Ionis1375651_10_P46,Ionis1375651_10uM_P46, ,28.1549621570747
ASO529-551_total_20210623,O11,Ionis1375651_10_P46,Ionis1375651_10uM_P46,37.1743025054063,28.1564974973708
ASO529-551_total_20210623,O12,Ionis1375651_10_P46,Ionis1375651_10uM_P46, ,28.132398926198
ASO529-551_total_20210623,P10,Ionis1375651_10_P46,Ionis1375651_10uM_P46, ,29.9140644664254
ASO529-551_total_20210623,P11,Ionis1375651_10_P46,Ionis1375651_10uM_P46,37.8117746188244,29.9319364901703
ASO529-551_total_20210623,P12,Ionis1375651_10_P46,Ionis1375651_10uM_P46, ,29.9002340870326
ASO529-551_total_20210623,G13,Ionis1375651_3_P45,Ionis1375651_3uM_P45,38.051336728595,26.9265148656496
ASO529-551_total_20210623,G14,Ionis1375651_3_P45,Ionis1375651_3uM_P45,39.3399348430722,27.002940821789
ASO529-551_total_20210623,G15,Ionis1375651_3_P45,Ionis1375651_3uM_P45,37.4292036830968,27.0295180753671
ASO529-551_total_20210623,H13,Ionis1375651_3_P45,Ionis1375651_3uM_P45,36.6876871407124,27.250287665484
ASO529-551_total_20210623,H14,Ionis1375651_3_P45,Ionis1375651_3uM_P45,38.2872567790838,27.2619760459553
ASO529-551_total_20210623,H15,Ionis1375651_3_P45,Ionis1375651_3uM_P45,36.1870296605791,27.3384917898056
ASO529-551_total_20210623,O13,Ionis1375651_3_P46,Ionis1375651_3uM_P46,33.7011176798692,27.1215791776346
ASO529-551_total_20210623,O14,Ionis1375651_3_P46,Ionis1375651_3uM_P46,33.6302575714114,27.10828253264
ASO529-551_total_20210623,O15,Ionis1375651_3_P46,Ionis1375651_3uM_P46,33.8409236570629,27.2259726978963
ASO529-551_total_20210623,P13,Ionis1375651_3_P46,Ionis1375651_3uM_P46,36.9775626555667,27.0026887321825
ASO529-551_total_20210623,P14,Ionis1375651_3_P46,Ionis1375651_3uM_P46,37.3071922114889,27.0301367587894
ASO529-551_total_20210623,P15,Ionis1375651_3_P46,Ionis1375651_3uM_P46,36.5745138671227,27.1438024332277
ASO529-551_total_20210623,G16,Ionis676630_10_P45,Ionis676630_10uM_P45,36.5610985659605,28.6479895122816
ASO529-551_total_20210623,G17,Ionis676630_10_P45,Ionis676630_10uM_P45,36.0386250725978,28.6189542587762
ASO529-551_total_20210623,G18,Ionis676630_10_P45,Ionis676630_10uM_P45,36.9325145987247,28.7077708646074
ASO529-551_total_20210623,H16,Ionis676630_10_P45,Ionis676630_10uM_P45,37.3659138218522,29.4182071369293
ASO529-551_total_20210623,H17,Ionis676630_10_P45,Ionis676630_10uM_P45,37.9556488515377,29.4881279967367
ASO529-551_total_20210623,H18,Ionis676630_10_P45,Ionis676630_10uM_P45, ,29.5505285294299
ASO529-551_total_20210623,O16,Ionis676630_10_P46,Ionis676630_10uM_P46,36.0919945266333,27.3704094584628
ASO529-551_total_20210623,O17,Ionis676630_10_P46,Ionis676630_10uM_P46,35.8040121185996,27.3331566675192
ASO529-551_total_20210623,O18,Ionis676630_10_P46,Ionis676630_10uM_P46,35.9740961200445,27.5824441844741
ASO529-551_total_20210623,P16,Ionis676630_10_P46,Ionis676630_10uM_P46,36.7177204944983,29.7425815515801
ASO529-551_total_20210623,P17,Ionis676630_10_P46,Ionis676630_10uM_P46,37.029643067277,29.8292222547075
ASO529-551_total_20210623,P18,Ionis676630_10_P46,Ionis676630_10uM_P46,37.0501266708813,29.8880068295068
ASO529-551_total_20210623,G1,Naïve_P45,Naïve_P45,29.3598040416074,22.247759966593
ASO529-551_total_20210623,G2,Naïve_P45,Naïve_P45,29.6253849325215,22.2837904408513
ASO529-551_total_20210623,G3,Naïve_P45,Naïve_P45,29.6017516399678,22.3057837501107
ASO529-551_total_20210623,G4,Naïve_P45,Naïve_P45,29.3670715776195,22.2196109777164
ASO529-551_total_20210623,G5,Naïve_P45,Naïve_P45,29.606817380587,22.2380887317403
ASO529-551_total_20210623,G6,Naïve_P45,Naïve_P45,29.533309562752,22.2701428821048
ASO529-551_total_20210623,G7,Naïve_P45,Naïve_P45,29.8595265934122,22.568882983572
ASO529-551_total_20210623,G8,Naïve_P45,Naïve_P45,29.8905832305753,22.504594643637
ASO529-551_total_20210623,G9,Naïve_P45,Naïve_P45,29.7433310946588,22.5498780688127
ASO529-551_total_20210623,H1,Naïve_P45,Naïve_P45,29.7082457330304,22.638890250098
ASO529-551_total_20210623,H2,Naïve_P45,Naïve_P45,29.8347311392017,22.6552757158024
ASO529-551_total_20210623,H3,Naïve_P45,Naïve_P45,29.8988453049808,22.6987103980556
ASO529-551_total_20210623,H4,Naïve_P45,Naïve_P45,29.7746672087652,22.1130083567193
ASO529-551_total_20210623,H5,Naïve_P45,Naïve_P45,29.6576178917618,22.0764044949707
ASO529-551_total_20210623,H6,Naïve_P45,Naïve_P45,29.8688703701075,22.14517592721
ASO529-551_total_20210623,H7,Naïve_P45,Naïve_P45,30.0949665726747,22.5027124641699
ASO529-551_total_20210623,H8,Naïve_P45,Naïve_P45,30.0588660826526,22.5091605596447
ASO529-551_total_20210623,H9,Naïve_P45,Naïve_P45,30.2546001946737,22.4905930537008
ASO529-551_total_20210623,O1,Naïve_P46,Naïve_P46,28.8302882862554,22.1511698488631
ASO529-551_total_20210623,O2,Naïve_P46,Naïve_P46,28.9369838587328,22.1678079798025
ASO529-551_total_20210623,O3,Naïve_P46,Naïve_P46,28.9391040703341,22.2074851103783
ASO529-551_total_20210623,O4,Naïve_P46,Naïve_P46,28.7658581695697,21.9768105923609
ASO529-551_total_20210623,O5,Naïve_P46,Naïve_P46,28.7148574998703,21.8581226916279
ASO529-551_total_20210623,O6,Naïve_P46,Naïve_P46,28.9141240165437,22.0739092967566
ASO529-551_total_20210623,O7,Naïve_P46,Naïve_P46,29.0859326269741,22.0905838836252
ASO529-551_total_20210623,O8,Naïve_P46,Naïve_P46,29.0067745760516,22.1058488123067
ASO529-551_total_20210623,O9,Naïve_P46,Naïve_P46,29.0948567001607,22.1956887887533
ASO529-551_total_20210623,P1,Naïve_P46,Naïve_P46,28.8278098592278,22.265464746248
ASO529-551_total_20210623,P2,Naïve_P46,Naïve_P46,28.8362413132819,22.2502576092968
ASO529-551_total_20210623,P3,Naïve_P46,Naïve_P46,28.8098464415061,22.3702770795502
ASO529-551_total_20210623,P4,Naïve_P46,Naïve_P46,29.0913601525714,22.1298147446789
ASO529-551_total_20210623,P5,Naïve_P46,Naïve_P46,29.1567184738368,22.1393564069543
ASO529-551_total_20210623,P6,Naïve_P46,Naïve_P46,29.3105831350147,22.2070647229834
ASO529-551_total_20210623,P7,Naïve_P46,Naïve_P46,29.5507575028568,22.5100836557008
ASO529-551_total_20210623,P8,Naïve_P46,Naïve_P46,29.6738324687108,22.5723173771893
ASO529-551_total_20210623,P9,Naïve_P46,Naïve_P46,29.5116018662858,22.6008934296502
